ProductKey	Product	Standard Cost	Color	Subcategory	Category	Background Color Format	Font Color Format	costbreakid
368	Road-250 Red, 44	$1,518.79	Red	Road Bikes	Bikes	#FF0000	#FFFFFF	8
210	HL Road Frame - Black, 58	$868.63	Black	Road Frames	Components	#000000	#FFFFFF	7
215	Sport-100 Helmet, Black	$12.03	Black	Helmets	Accessories	#000000	#FFFFFF	1
216	Sport-100 Helmet, Black	$13.88	Black	Helmets	Accessories	#000000	#FFFFFF	1
217	Sport-100 Helmet, Black	$13.09	Black	Helmets	Accessories	#000000	#FFFFFF	1
253	LL Road Frame - Black, 58	$176.2	Black	Road Frames	Components	#000000	#FFFFFF	4
254	LL Road Frame - Black, 58	$170.14	Black	Road Frames	Components	#000000	#FFFFFF	4
255	LL Road Frame - Black, 58	$204.63	Black	Road Frames	Components	#000000	#FFFFFF	4
256	LL Road Frame - Black, 60	$176.2	Black	Road Frames	Components	#000000	#FFFFFF	4
257	LL Road Frame - Black, 60	$170.14	Black	Road Frames	Components	#000000	#FFFFFF	4
258	LL Road Frame - Black, 60	$204.63	Black	Road Frames	Components	#000000	#FFFFFF	4
259	LL Road Frame - Black, 62	$176.2	Black	Road Frames	Components	#000000	#FFFFFF	4
260	LL Road Frame - Black, 62	$170.14	Black	Road Frames	Components	#000000	#FFFFFF	4
261	LL Road Frame - Black, 62	$204.63	Black	Road Frames	Components	#000000	#FFFFFF	4
279	LL Road Frame - Black, 44	$176.2	Black	Road Frames	Components	#000000	#FFFFFF	4
280	LL Road Frame - Black, 44	$170.14	Black	Road Frames	Components	#000000	#FFFFFF	4
281	LL Road Frame - Black, 44	$204.63	Black	Road Frames	Components	#000000	#FFFFFF	4
282	LL Road Frame - Black, 48	$176.2	Black	Road Frames	Components	#000000	#FFFFFF	4
283	LL Road Frame - Black, 48	$170.14	Black	Road Frames	Components	#000000	#FFFFFF	4
284	LL Road Frame - Black, 48	$204.63	Black	Road Frames	Components	#000000	#FFFFFF	4
285	LL Road Frame - Black, 52	$176.2	Black	Road Frames	Components	#000000	#FFFFFF	4
286	LL Road Frame - Black, 52	$170.14	Black	Road Frames	Components	#000000	#FFFFFF	4
287	LL Road Frame - Black, 52	$204.63	Black	Road Frames	Components	#000000	#FFFFFF	4
296	HL Mountain Frame - Black, 42	$617.03	Black	Mountain Frames	Components	#000000	#FFFFFF	6
297	HL Mountain Frame - Black, 42	$653.7	Black	Mountain Frames	Components	#000000	#FFFFFF	6
298	HL Mountain Frame - Black, 42	$739.04	Black	Mountain Frames	Components	#000000	#FFFFFF	6
299	HL Mountain Frame - Black, 44	$699.09	Black	Mountain Frames	Components	#000000	#FFFFFF	6
300	HL Mountain Frame - Black, 48	$699.09	Black	Mountain Frames	Components	#000000	#FFFFFF	6
301	HL Mountain Frame - Black, 46	$617.03	Black	Mountain Frames	Components	#000000	#FFFFFF	6
302	HL Mountain Frame - Black, 46	$653.7	Black	Mountain Frames	Components	#000000	#FFFFFF	6
303	HL Mountain Frame - Black, 46	$739.04	Black	Mountain Frames	Components	#000000	#FFFFFF	6
304	HL Mountain Frame - Black, 38	$617.03	Black	Mountain Frames	Components	#000000	#FFFFFF	6
305	HL Mountain Frame - Black, 38	$653.7	Black	Mountain Frames	Components	#000000	#FFFFFF	6
306	HL Mountain Frame - Black, 38	$739.04	Black	Mountain Frames	Components	#000000	#FFFFFF	6
332	Road-650 Black, 58	$413.15	Black	Road Bikes	Bikes	#000000	#FFFFFF	5
333	Road-650 Black, 58	$486.71	Black	Road Bikes	Bikes	#000000	#FFFFFF	5
334	Road-650 Black, 60	$413.15	Black	Road Bikes	Bikes	#000000	#FFFFFF	5
335	Road-650 Black, 60	$486.71	Black	Road Bikes	Bikes	#000000	#FFFFFF	5
336	Road-650 Black, 62	$413.15	Black	Road Bikes	Bikes	#000000	#FFFFFF	5
337	Road-650 Black, 62	$486.71	Black	Road Bikes	Bikes	#000000	#FFFFFF	5
338	Road-650 Black, 44	$413.15	Black	Road Bikes	Bikes	#000000	#FFFFFF	5
339	Road-650 Black, 44	$486.71	Black	Road Bikes	Bikes	#000000	#FFFFFF	5
340	Road-650 Black, 48	$413.15	Black	Road Bikes	Bikes	#000000	#FFFFFF	5
341	Road-650 Black, 48	$486.71	Black	Road Bikes	Bikes	#000000	#FFFFFF	5
342	Road-650 Black, 52	$413.15	Black	Road Bikes	Bikes	#000000	#FFFFFF	5
343	Road-650 Black, 52	$486.71	Black	Road Bikes	Bikes	#000000	#FFFFFF	5
348	Mountain-100 Black, 38	$1,898.09	Black	Mountain Bikes	Bikes	#000000	#FFFFFF	8
349	Mountain-100 Black, 42	$1,898.09	Black	Mountain Bikes	Bikes	#000000	#FFFFFF	8
350	Mountain-100 Black, 44	$1,898.09	Black	Mountain Bikes	Bikes	#000000	#FFFFFF	8
351	Mountain-100 Black, 48	$1,898.09	Black	Mountain Bikes	Bikes	#000000	#FFFFFF	8
358	Mountain-200 Black, 38	$1,105.81	Black	Mountain Bikes	Bikes	#000000	#FFFFFF	8
359	Mountain-200 Black, 38	$1,251.98	Black	Mountain Bikes	Bikes	#000000	#FFFFFF	8
360	Mountain-200 Black, 42	$1,105.81	Black	Mountain Bikes	Bikes	#000000	#FFFFFF	8
361	Mountain-200 Black, 42	$1,251.98	Black	Mountain Bikes	Bikes	#000000	#FFFFFF	8
362	Mountain-200 Black, 46	$1,105.81	Black	Mountain Bikes	Bikes	#000000	#FFFFFF	8
363	Mountain-200 Black, 46	$1,251.98	Black	Mountain Bikes	Bikes	#000000	#FFFFFF	8
364	Mountain-300 Black, 38	$598.44	Black	Mountain Bikes	Bikes	#000000	#FFFFFF	6
365	Mountain-300 Black, 40	$598.44	Black	Mountain Bikes	Bikes	#000000	#FFFFFF	6
366	Mountain-300 Black, 44	$598.44	Black	Mountain Bikes	Bikes	#000000	#FFFFFF	6
367	Mountain-300 Black, 48	$598.44	Black	Mountain Bikes	Bikes	#000000	#FFFFFF	6
373	Road-250 Black, 44	$1,320.68	Black	Road Bikes	Bikes	#000000	#FFFFFF	8
374	Road-250 Black, 44	$1,554.95	Black	Road Bikes	Bikes	#000000	#FFFFFF	8
375	Road-250 Black, 48	$1,320.68	Black	Road Bikes	Bikes	#000000	#FFFFFF	8
376	Road-250 Black, 48	$1,554.95	Black	Road Bikes	Bikes	#000000	#FFFFFF	8
377	Road-250 Black, 52	$1,320.68	Black	Road Bikes	Bikes	#000000	#FFFFFF	8
378	Road-250 Black, 52	$1,554.95	Black	Road Bikes	Bikes	#000000	#FFFFFF	8
379	Road-250 Black, 58	$1,320.68	Black	Road Bikes	Bikes	#000000	#FFFFFF	8
380	Road-250 Black, 58	$1,554.95	Black	Road Bikes	Bikes	#000000	#FFFFFF	8
409	ML Mountain Frame - Black, 38	$185.82	Black	Mountain Frames	Components	#000000	#FFFFFF	4
410	LL Mountain Front Wheel	$26.97	Black	Wheels	Components	#000000	#FFFFFF	2
411	ML Mountain Front Wheel	$92.81	Black	Wheels	Components	#000000	#FFFFFF	3
412	HL Mountain Front Wheel	$133.3	Black	Wheels	Components	#000000	#FFFFFF	4
413	LL Road Front Wheel	$37.99	Black	Wheels	Components	#000000	#FFFFFF	2
414	ML Road Front Wheel	$110.28	Black	Wheels	Components	#000000	#FFFFFF	4
415	HL Road Front Wheel	$146.55	Black	Wheels	Components	#000000	#FFFFFF	4
416	Touring Front Wheel	$96.8	Black	Wheels	Components	#000000	#FFFFFF	3
419	LL Mountain Rear Wheel	$38.96	Black	Wheels	Components	#000000	#FFFFFF	2
420	ML Mountain Rear Wheel	$104.8	Black	Wheels	Components	#000000	#FFFFFF	4
421	HL Mountain Rear Wheel	$145.28	Black	Wheels	Components	#000000	#FFFFFF	4
422	LL Road Rear Wheel	$49.98	Black	Wheels	Components	#000000	#FFFFFF	2
423	ML Road Rear Wheel	$122.27	Black	Wheels	Components	#000000	#FFFFFF	4
424	HL Road Rear Wheel	$158.53	Black	Wheels	Components	#000000	#FFFFFF	4
425	Touring Rear Wheel	$108.78	Black	Wheels	Components	#000000	#FFFFFF	4
426	ML Mountain Frame - Black, 40	$185.82	Black	Mountain Frames	Components	#000000	#FFFFFF	4
427	ML Mountain Frame - Black, 44	$185.82	Black	Mountain Frames	Components	#000000	#FFFFFF	4
428	ML Mountain Frame - Black, 48	$185.82	Black	Mountain Frames	Components	#000000	#FFFFFF	4
437	HL Road Frame - Black, 62	$722.26	Black	Road Frames	Components	#000000	#FFFFFF	6
438	HL Road Frame - Black, 62	$868.63	Black	Road Frames	Components	#000000	#FFFFFF	7
439	HL Road Frame - Black, 44	$868.63	Black	Road Frames	Components	#000000	#FFFFFF	7
440	HL Road Frame - Black, 44	$868.63	Black	Road Frames	Components	#000000	#FFFFFF	7
441	HL Road Frame - Black, 48	$722.26	Black	Road Frames	Components	#000000	#FFFFFF	6
442	HL Road Frame - Black, 48	$868.63	Black	Road Frames	Components	#000000	#FFFFFF	7
443	HL Road Frame - Black, 52	$722.26	Black	Road Frames	Components	#000000	#FFFFFF	6
444	HL Road Frame - Black, 52	$868.63	Black	Road Frames	Components	#000000	#FFFFFF	7
445	Men's Sports Shorts, S	$24.75	Black	Shorts	Clothing	#000000	#FFFFFF	1
453	Men's Sports Shorts, M	$24.75	Black	Shorts	Clothing	#000000	#FFFFFF	1
454	Men's Sports Shorts, L	$24.75	Black	Shorts	Clothing	#000000	#FFFFFF	1
455	Men's Sports Shorts, XL	$24.75	Black	Shorts	Clothing	#000000	#FFFFFF	1
456	Women's Tights, S	$30.93	Black	Tights	Clothing	#000000	#FFFFFF	2
457	Women's Tights, M	$30.93	Black	Tights	Clothing	#000000	#FFFFFF	2
458	Women's Tights, L	$30.93	Black	Tights	Clothing	#000000	#FFFFFF	2
462	Half-Finger Gloves, S	$9.71	Black	Gloves	Clothing	#000000	#FFFFFF	1
463	Half-Finger Gloves, S	$9.16	Black	Gloves	Clothing	#000000	#FFFFFF	1
464	Half-Finger Gloves, M	$9.71	Black	Gloves	Clothing	#000000	#FFFFFF	1
465	Half-Finger Gloves, M	$9.16	Black	Gloves	Clothing	#000000	#FFFFFF	1
466	Half-Finger Gloves, L	$9.71	Black	Gloves	Clothing	#000000	#FFFFFF	1
467	Half-Finger Gloves, L	$9.16	Black	Gloves	Clothing	#000000	#FFFFFF	1
468	Full-Finger Gloves, S	$15.67	Black	Gloves	Clothing	#000000	#FFFFFF	1
469	Full-Finger Gloves, M	$15.67	Black	Gloves	Clothing	#000000	#FFFFFF	1
470	Full-Finger Gloves, L	$15.67	Black	Gloves	Clothing	#000000	#FFFFFF	1
474	Women's Mountain Shorts, S	$26.18	Black	Shorts	Clothing	#000000	#FFFFFF	2
475	Women's Mountain Shorts, M	$26.18	Black	Shorts	Clothing	#000000	#FFFFFF	2
476	Women's Mountain Shorts, L	$26.18	Black	Shorts	Clothing	#000000	#FFFFFF	2
531	LL Mountain Frame - Black, 42	$136.79	Black	Mountain Frames	Components	#000000	#FFFFFF	4
532	LL Mountain Frame - Black, 44	$136.79	Black	Mountain Frames	Components	#000000	#FFFFFF	4
533	LL Mountain Frame - Black, 48	$136.79	Black	Mountain Frames	Components	#000000	#FFFFFF	4
534	LL Mountain Frame - Black, 52	$136.79	Black	Mountain Frames	Components	#000000	#FFFFFF	4
550	LL Mountain Frame - Black, 40	$136.79	Black	Mountain Frames	Components	#000000	#FFFFFF	4
556	LL Crankset	$77.92	Black	Cranksets	Components	#000000	#FFFFFF	3
557	ML Crankset	$113.88	Black	Cranksets	Components	#000000	#FFFFFF	4
558	HL Crankset	$179.82	Black	Cranksets	Components	#000000	#FFFFFF	4
584	Road-750 Black, 58	$343.65	Black	Road Bikes	Bikes	#000000	#FFFFFF	5
596	Mountain-500 Black, 40	$294.58	Black	Mountain Bikes	Bikes	#000000	#FFFFFF	4
597	Mountain-500 Black, 42	$294.58	Black	Mountain Bikes	Bikes	#000000	#FFFFFF	4
598	Mountain-500 Black, 44	$294.58	Black	Mountain Bikes	Bikes	#000000	#FFFFFF	4
599	Mountain-500 Black, 48	$294.58	Black	Mountain Bikes	Bikes	#000000	#FFFFFF	4
600	Mountain-500 Black, 52	$294.58	Black	Mountain Bikes	Bikes	#000000	#FFFFFF	4
604	Road-750 Black, 44	$343.65	Black	Road Bikes	Bikes	#000000	#FFFFFF	5
605	Road-750 Black, 48	$343.65	Black	Road Bikes	Bikes	#000000	#FFFFFF	5
606	Road-750 Black, 52	$343.65	Black	Road Bikes	Bikes	#000000	#FFFFFF	5
211	HL Road Frame - Red, 58	$868.63	Red	Road Frames	Components	#FF0000	#FFFFFF	7
212	Sport-100 Helmet, Red	$12.03	Red	Helmets	Accessories	#FF0000	#FFFFFF	1
213	Sport-100 Helmet, Red	$13.88	Red	Helmets	Accessories	#FF0000	#FFFFFF	1
214	Sport-100 Helmet, Red	$13.09	Red	Helmets	Accessories	#FF0000	#FFFFFF	1
220	Sport-100 Helmet, Blue	$12.03	Blue	Helmets	Accessories	#0000FF	#FFFFFF	1
218	Mountain Bike Socks, M	$3.4	White	Socks	Clothing	#FFFFFF	#000000	1
219	Mountain Bike Socks, L	$3.4	White	Socks	Clothing	#FFFFFF	#000000	1
221	Sport-100 Helmet, Blue	$13.88	Blue	Helmets	Accessories	#0000FF	#FFFFFF	1
222	Sport-100 Helmet, Blue	$13.09	Blue	Helmets	Accessories	#0000FF	#FFFFFF	1
223	AWC Logo Cap	$5.71	Multi	Caps	Clothing	#BC8F8F	#000000	1
224	AWC Logo Cap	$5.23	Multi	Caps	Clothing	#BC8F8F	#000000	1
225	AWC Logo Cap	$6.92	Multi	Caps	Clothing	#BC8F8F	#000000	1
226	Long-Sleeve Logo Jersey, S	$31.72	Multi	Jerseys	Clothing	#BC8F8F	#000000	2
227	Long-Sleeve Logo Jersey, S	$29.08	Multi	Jerseys	Clothing	#BC8F8F	#000000	2
228	Long-Sleeve Logo Jersey, S	$38.49	Multi	Jerseys	Clothing	#BC8F8F	#000000	2
229	Long-Sleeve Logo Jersey, M	$31.72	Multi	Jerseys	Clothing	#BC8F8F	#000000	2
230	Long-Sleeve Logo Jersey, M	$29.08	Multi	Jerseys	Clothing	#BC8F8F	#000000	2
231	Long-Sleeve Logo Jersey, M	$38.49	Multi	Jerseys	Clothing	#BC8F8F	#000000	2
232	Long-Sleeve Logo Jersey, L	$31.72	Multi	Jerseys	Clothing	#BC8F8F	#000000	2
233	Long-Sleeve Logo Jersey, L	$29.08	Multi	Jerseys	Clothing	#BC8F8F	#000000	2
234	Long-Sleeve Logo Jersey, L	$38.49	Multi	Jerseys	Clothing	#BC8F8F	#000000	2
235	Long-Sleeve Logo Jersey, XL	$31.72	Multi	Jerseys	Clothing	#BC8F8F	#000000	2
236	Long-Sleeve Logo Jersey, XL	$29.08	Multi	Jerseys	Clothing	#BC8F8F	#000000	2
237	Long-Sleeve Logo Jersey, XL	$38.49	Multi	Jerseys	Clothing	#BC8F8F	#000000	2
238	HL Road Frame - Red, 62	$747.97	Red	Road Frames	Components	#FF0000	#FFFFFF	6
239	HL Road Frame - Red, 62	$722.26	Red	Road Frames	Components	#FF0000	#FFFFFF	6
240	HL Road Frame - Red, 62	$868.63	Red	Road Frames	Components	#FF0000	#FFFFFF	7
241	HL Road Frame - Red, 44	$747.97	Red	Road Frames	Components	#FF0000	#FFFFFF	6
242	HL Road Frame - Red, 44	$722.26	Red	Road Frames	Components	#FF0000	#FFFFFF	6
243	HL Road Frame - Red, 44	$868.63	Red	Road Frames	Components	#FF0000	#FFFFFF	7
244	HL Road Frame - Red, 48	$747.97	Red	Road Frames	Components	#FF0000	#FFFFFF	6
245	HL Road Frame - Red, 48	$722.26	Red	Road Frames	Components	#FF0000	#FFFFFF	6
246	HL Road Frame - Red, 48	$868.63	Red	Road Frames	Components	#FF0000	#FFFFFF	7
247	HL Road Frame - Red, 52	$747.97	Red	Road Frames	Components	#FF0000	#FFFFFF	6
248	HL Road Frame - Red, 52	$722.26	Red	Road Frames	Components	#FF0000	#FFFFFF	6
249	HL Road Frame - Red, 52	$868.63	Red	Road Frames	Components	#FF0000	#FFFFFF	7
250	HL Road Frame - Red, 56	$747.97	Red	Road Frames	Components	#FF0000	#FFFFFF	6
251	HL Road Frame - Red, 56	$722.26	Red	Road Frames	Components	#FF0000	#FFFFFF	6
252	HL Road Frame - Red, 56	$868.63	Red	Road Frames	Components	#FF0000	#FFFFFF	7
262	LL Road Frame - Red, 44	$181.49	Red	Road Frames	Components	#FF0000	#FFFFFF	4
263	LL Road Frame - Red, 44	$187.16	Red	Road Frames	Components	#FF0000	#FFFFFF	4
264	LL Road Frame - Red, 48	$181.49	Red	Road Frames	Components	#FF0000	#FFFFFF	4
265	LL Road Frame - Red, 48	$187.16	Red	Road Frames	Components	#FF0000	#FFFFFF	4
266	LL Road Frame - Red, 52	$181.49	Red	Road Frames	Components	#FF0000	#FFFFFF	4
267	LL Road Frame - Red, 52	$187.16	Red	Road Frames	Components	#FF0000	#FFFFFF	4
268	LL Road Frame - Red, 58	$181.49	Red	Road Frames	Components	#FF0000	#FFFFFF	4
269	LL Road Frame - Red, 58	$187.16	Red	Road Frames	Components	#FF0000	#FFFFFF	4
270	LL Road Frame - Red, 60	$181.49	Red	Road Frames	Components	#FF0000	#FFFFFF	4
271	LL Road Frame - Red, 60	$187.16	Red	Road Frames	Components	#FF0000	#FFFFFF	4
272	LL Road Frame - Red, 62	$181.49	Red	Road Frames	Components	#FF0000	#FFFFFF	4
273	LL Road Frame - Red, 62	$187.16	Red	Road Frames	Components	#FF0000	#FFFFFF	4
274	ML Road Frame - Red, 44	$352.14	Red	Road Frames	Components	#FF0000	#FFFFFF	5
275	ML Road Frame - Red, 48	$352.14	Red	Road Frames	Components	#FF0000	#FFFFFF	5
276	ML Road Frame - Red, 52	$352.14	Red	Road Frames	Components	#FF0000	#FFFFFF	5
277	ML Road Frame - Red, 58	$352.14	Red	Road Frames	Components	#FF0000	#FFFFFF	5
278	ML Road Frame - Red, 60	$352.14	Red	Road Frames	Components	#FF0000	#FFFFFF	5
288	HL Mountain Frame - Silver, 42	$623.84	Silver	Mountain Frames	Components	#C0C0C0	#000000	6
289	HL Mountain Frame - Silver, 42	$660.91	Silver	Mountain Frames	Components	#C0C0C0	#000000	6
290	HL Mountain Frame - Silver, 42	$747.2	Silver	Mountain Frames	Components	#C0C0C0	#000000	6
291	HL Mountain Frame - Silver, 44	$706.81	Silver	Mountain Frames	Components	#C0C0C0	#000000	6
292	HL Mountain Frame - Silver, 48	$706.81	Silver	Mountain Frames	Components	#C0C0C0	#000000	6
293	HL Mountain Frame - Silver, 46	$623.84	Silver	Mountain Frames	Components	#C0C0C0	#000000	6
294	HL Mountain Frame - Silver, 46	$660.91	Silver	Mountain Frames	Components	#C0C0C0	#000000	6
295	HL Mountain Frame - Silver, 46	$747.2	Silver	Mountain Frames	Components	#C0C0C0	#000000	6
307	HL Mountain Frame - Silver, 38	$623.84	Silver	Mountain Frames	Components	#C0C0C0	#000000	6
308	HL Mountain Frame - Silver, 38	$660.91	Silver	Mountain Frames	Components	#C0C0C0	#000000	6
309	HL Mountain Frame - Silver, 38	$747.2	Silver	Mountain Frames	Components	#C0C0C0	#000000	6
310	Road-150 Red, 62	$2,171.29	Red	Road Bikes	Bikes	#FF0000	#FFFFFF	8
311	Road-150 Red, 44	$2,171.29	Red	Road Bikes	Bikes	#FF0000	#FFFFFF	8
312	Road-150 Red, 48	$2,171.29	Red	Road Bikes	Bikes	#FF0000	#FFFFFF	8
313	Road-150 Red, 52	$2,171.29	Red	Road Bikes	Bikes	#FF0000	#FFFFFF	8
314	Road-150 Red, 56	$2,171.29	Red	Road Bikes	Bikes	#FF0000	#FFFFFF	8
315	Road-450 Red, 58	$884.71	Red	Road Bikes	Bikes	#FF0000	#FFFFFF	7
316	Road-450 Red, 60	$884.71	Red	Road Bikes	Bikes	#FF0000	#FFFFFF	7
317	Road-450 Red, 44	$884.71	Red	Road Bikes	Bikes	#FF0000	#FFFFFF	7
318	Road-450 Red, 48	$884.71	Red	Road Bikes	Bikes	#FF0000	#FFFFFF	7
319	Road-450 Red, 52	$884.71	Red	Road Bikes	Bikes	#FF0000	#FFFFFF	7
320	Road-650 Red, 58	$413.15	Red	Road Bikes	Bikes	#FF0000	#FFFFFF	5
321	Road-650 Red, 58	$486.71	Red	Road Bikes	Bikes	#FF0000	#FFFFFF	5
322	Road-650 Red, 60	$413.15	Red	Road Bikes	Bikes	#FF0000	#FFFFFF	5
323	Road-650 Red, 60	$486.71	Red	Road Bikes	Bikes	#FF0000	#FFFFFF	5
324	Road-650 Red, 62	$413.15	Red	Road Bikes	Bikes	#FF0000	#FFFFFF	5
325	Road-650 Red, 62	$486.71	Red	Road Bikes	Bikes	#FF0000	#FFFFFF	5
326	Road-650 Red, 44	$413.15	Red	Road Bikes	Bikes	#FF0000	#FFFFFF	5
327	Road-650 Red, 44	$486.71	Red	Road Bikes	Bikes	#FF0000	#FFFFFF	5
328	Road-650 Red, 48	$413.15	Red	Road Bikes	Bikes	#FF0000	#FFFFFF	5
329	Road-650 Red, 48	$486.71	Red	Road Bikes	Bikes	#FF0000	#FFFFFF	5
330	Road-650 Red, 52	$413.15	Red	Road Bikes	Bikes	#FF0000	#FFFFFF	5
331	Road-650 Red, 52	$486.71	Red	Road Bikes	Bikes	#FF0000	#FFFFFF	5
344	Mountain-100 Silver, 38	$1,912.15	Silver	Mountain Bikes	Bikes	#C0C0C0	#000000	8
345	Mountain-100 Silver, 42	$1,912.15	Silver	Mountain Bikes	Bikes	#C0C0C0	#000000	8
346	Mountain-100 Silver, 44	$1,912.15	Silver	Mountain Bikes	Bikes	#C0C0C0	#000000	8
347	Mountain-100 Silver, 48	$1,912.15	Silver	Mountain Bikes	Bikes	#C0C0C0	#000000	8
352	Mountain-200 Silver, 38	$1,117.86	Silver	Mountain Bikes	Bikes	#C0C0C0	#000000	8
353	Mountain-200 Silver, 38	$1,265.62	Silver	Mountain Bikes	Bikes	#C0C0C0	#000000	8
354	Mountain-200 Silver, 42	$1,117.86	Silver	Mountain Bikes	Bikes	#C0C0C0	#000000	8
355	Mountain-200 Silver, 42	$1,265.62	Silver	Mountain Bikes	Bikes	#C0C0C0	#000000	8
356	Mountain-200 Silver, 46	$1,117.86	Silver	Mountain Bikes	Bikes	#C0C0C0	#000000	8
357	Mountain-200 Silver, 46	$1,265.62	Silver	Mountain Bikes	Bikes	#C0C0C0	#000000	8
369	Road-250 Red, 48	$1,518.79	Red	Road Bikes	Bikes	#FF0000	#FFFFFF	8
370	Road-250 Red, 52	$1,518.79	Red	Road Bikes	Bikes	#FF0000	#FFFFFF	8
371	Road-250 Red, 58	$1,320.68	Red	Road Bikes	Bikes	#FF0000	#FFFFFF	8
372	Road-250 Red, 58	$1,554.95	Red	Road Bikes	Bikes	#FF0000	#FFFFFF	8
381	Road-550-W Yellow, 38	$605.65	Yellow	Road Bikes	Bikes	#FFFF00	#000000	6
382	Road-550-W Yellow, 38	$713.08	Yellow	Road Bikes	Bikes	#FFFF00	#000000	6
383	Road-550-W Yellow, 40	$605.65	Yellow	Road Bikes	Bikes	#FFFF00	#000000	6
384	Road-550-W Yellow, 40	$713.08	Yellow	Road Bikes	Bikes	#FFFF00	#000000	6
385	Road-550-W Yellow, 42	$605.65	Yellow	Road Bikes	Bikes	#FFFF00	#000000	6
386	Road-550-W Yellow, 42	$713.08	Yellow	Road Bikes	Bikes	#FFFF00	#000000	6
387	Road-550-W Yellow, 44	$605.65	Yellow	Road Bikes	Bikes	#FFFF00	#000000	6
388	Road-550-W Yellow, 44	$713.08	Yellow	Road Bikes	Bikes	#FFFF00	#000000	6
389	Road-550-W Yellow, 48	$605.65	Yellow	Road Bikes	Bikes	#FFFF00	#000000	6
390	Road-550-W Yellow, 48	$713.08	Yellow	Road Bikes	Bikes	#FFFF00	#000000	6
391	LL Fork	$65.81	NaN	Forks	Components	#DCDCDC	#000000	3
392	ML Fork	$77.92	NaN	Forks	Components	#DCDCDC	#000000	3
393	HL Fork	$101.89	NaN	Forks	Components	#DCDCDC	#000000	4
394	LL Headset	$15.18	NaN	Headsets	Components	#DCDCDC	#000000	1
395	ML Headset	$45.42	NaN	Headsets	Components	#DCDCDC	#000000	2
396	HL Headset	$55.38	NaN	Headsets	Components	#DCDCDC	#000000	3
397	LL Mountain Handlebars	$17.98	NaN	Handlebars	Components	#DCDCDC	#000000	1
398	LL Mountain Handlebars	$19.78	NaN	Handlebars	Components	#DCDCDC	#000000	1
399	ML Mountain Handlebars	$24.99	NaN	Handlebars	Components	#DCDCDC	#000000	1
400	ML Mountain Handlebars	$27.49	NaN	Handlebars	Components	#DCDCDC	#000000	2
401	HL Mountain Handlebars	$48.55	NaN	Handlebars	Components	#DCDCDC	#000000	2
402	HL Mountain Handlebars	$53.4	NaN	Handlebars	Components	#DCDCDC	#000000	3
403	LL Road Handlebars	$17.98	NaN	Handlebars	Components	#DCDCDC	#000000	1
404	LL Road Handlebars	$19.78	NaN	Handlebars	Components	#DCDCDC	#000000	1
405	ML Road Handlebars	$24.99	NaN	Handlebars	Components	#DCDCDC	#000000	1
406	ML Road Handlebars	$27.49	NaN	Handlebars	Components	#DCDCDC	#000000	2
407	HL Road Handlebars	$48.55	NaN	Handlebars	Components	#DCDCDC	#000000	2
408	HL Road Handlebars	$53.4	NaN	Handlebars	Components	#DCDCDC	#000000	3
417	ML Road Frame-W - Yellow, 38	$300.12	Yellow	Road Frames	Components	#FFFF00	#000000	5
418	ML Road Frame-W - Yellow, 38	$360.94	Yellow	Road Frames	Components	#FFFF00	#000000	5
429	ML Road Frame-W - Yellow, 40	$300.12	Yellow	Road Frames	Components	#FFFF00	#000000	5
430	ML Road Frame-W - Yellow, 40	$360.94	Yellow	Road Frames	Components	#FFFF00	#000000	5
431	ML Road Frame-W - Yellow, 42	$300.12	Yellow	Road Frames	Components	#FFFF00	#000000	5
432	ML Road Frame-W - Yellow, 42	$360.94	Yellow	Road Frames	Components	#FFFF00	#000000	5
433	ML Road Frame-W - Yellow, 44	$300.12	Yellow	Road Frames	Components	#FFFF00	#000000	5
434	ML Road Frame-W - Yellow, 44	$360.94	Yellow	Road Frames	Components	#FFFF00	#000000	5
435	ML Road Frame-W - Yellow, 48	$300.12	Yellow	Road Frames	Components	#FFFF00	#000000	5
436	ML Road Frame-W - Yellow, 48	$360.94	Yellow	Road Frames	Components	#FFFF00	#000000	5
446	Touring-Panniers, Large	$51.56	Grey	Panniers	Accessories	#808080	#FFFFFF	3
447	Cable Lock	$10.31	NaN	Locks	Accessories	#DCDCDC	#000000	1
448	Minipump	$8.25	NaN	Pumps	Accessories	#DCDCDC	#000000	1
449	Mountain Pump	$10.31	NaN	Pumps	Accessories	#DCDCDC	#000000	1
450	Taillights - Battery-Powered	$5.77	NaN	Lights	Accessories	#DCDCDC	#000000	1
451	Headlights - Dual-Beam	$14.43	NaN	Lights	Accessories	#DCDCDC	#000000	1
452	Headlights - Weatherproof	$18.56	NaN	Lights	Accessories	#DCDCDC	#000000	1
459	Men's Bib-Shorts, S	$37.12	Multi	Bib-Shorts	Clothing	#BC8F8F	#000000	2
460	Men's Bib-Shorts, M	$37.12	Multi	Bib-Shorts	Clothing	#BC8F8F	#000000	2
461	Men's Bib-Shorts, L	$37.12	Multi	Bib-Shorts	Clothing	#BC8F8F	#000000	2
471	Classic Vest, S	$23.75	Blue	Vests	Clothing	#0000FF	#FFFFFF	1
472	Classic Vest, M	$23.75	Blue	Vests	Clothing	#0000FF	#FFFFFF	1
473	Classic Vest, L	$23.75	Blue	Vests	Clothing	#0000FF	#FFFFFF	1
477	Water Bottle - 30 oz.	$1.87	NaN	Bottles and Cages	Accessories	#DCDCDC	#000000	1
478	Mountain Bottle Cage	$3.74	NaN	Bottles and Cages	Accessories	#DCDCDC	#000000	1
479	Road Bottle Cage	$3.36	NaN	Bottles and Cages	Accessories	#DCDCDC	#000000	1
480	Patch Kit/8 Patches	$0.86	NaN	Tires and Tubes	Accessories	#DCDCDC	#000000	1
481	Racing Socks, M	$3.36	White	Socks	Clothing	#FFFFFF	#000000	1
482	Racing Socks, L	$3.36	White	Socks	Clothing	#FFFFFF	#000000	1
483	Hitch Rack - 4-Bike	$44.88	NaN	Bike Racks	Accessories	#DCDCDC	#000000	2
484	Bike Wash - Dissolver	$2.97	NaN	Cleaners	Accessories	#DCDCDC	#000000	1
485	Fender Set - Mountain	$8.22	NaN	Fenders	Accessories	#DCDCDC	#000000	1
486	All-Purpose Bike Stand	$59.47	NaN	Bike Stands	Accessories	#DCDCDC	#000000	3
487	Hydration Pack - 70 oz.	$20.57	Silver	Hydration Packs	Accessories	#C0C0C0	#000000	1
488	Short-Sleeve Classic Jersey, S	$41.57	Yellow	Jerseys	Clothing	#FFFF00	#000000	2
489	Short-Sleeve Classic Jersey, M	$41.57	Yellow	Jerseys	Clothing	#FFFF00	#000000	2
490	Short-Sleeve Classic Jersey, L	$41.57	Yellow	Jerseys	Clothing	#FFFF00	#000000	2
491	Short-Sleeve Classic Jersey, XL	$41.57	Yellow	Jerseys	Clothing	#FFFF00	#000000	2
492	HL Touring Frame - Yellow, 60	$601.74	Yellow	Touring Frames	Components	#FFFF00	#000000	6
493	LL Touring Frame - Yellow, 62	$199.85	Yellow	Touring Frames	Components	#FFFF00	#000000	4
494	HL Touring Frame - Yellow, 46	$601.74	Yellow	Touring Frames	Components	#FFFF00	#000000	6
495	HL Touring Frame - Yellow, 50	$601.74	Yellow	Touring Frames	Components	#FFFF00	#000000	6
496	HL Touring Frame - Yellow, 54	$601.74	Yellow	Touring Frames	Components	#FFFF00	#000000	6
497	HL Touring Frame - Blue, 46	$601.74	Blue	Touring Frames	Components	#0000FF	#FFFFFF	6
498	HL Touring Frame - Blue, 50	$601.74	Blue	Touring Frames	Components	#0000FF	#FFFFFF	6
499	HL Touring Frame - Blue, 54	$601.74	Blue	Touring Frames	Components	#0000FF	#FFFFFF	6
500	HL Touring Frame - Blue, 60	$601.74	Blue	Touring Frames	Components	#0000FF	#FFFFFF	6
501	Rear Derailleur	$53.93	Silver	Derailleurs	Components	#C0C0C0	#000000	3
502	LL Touring Frame - Blue, 50	$199.85	Blue	Touring Frames	Components	#0000FF	#FFFFFF	4
503	LL Touring Frame - Blue, 54	$199.85	Blue	Touring Frames	Components	#0000FF	#FFFFFF	4
504	LL Touring Frame - Blue, 58	$199.85	Blue	Touring Frames	Components	#0000FF	#FFFFFF	4
505	LL Touring Frame - Blue, 62	$199.85	Blue	Touring Frames	Components	#0000FF	#FFFFFF	4
506	LL Touring Frame - Yellow, 44	$199.85	Yellow	Touring Frames	Components	#FFFF00	#000000	4
507	LL Touring Frame - Yellow, 50	$199.85	Yellow	Touring Frames	Components	#FFFF00	#000000	4
508	LL Touring Frame - Yellow, 54	$199.85	Yellow	Touring Frames	Components	#FFFF00	#000000	4
509	LL Touring Frame - Yellow, 58	$199.85	Yellow	Touring Frames	Components	#FFFF00	#000000	4
510	LL Touring Frame - Blue, 44	$199.85	Blue	Touring Frames	Components	#0000FF	#FFFFFF	4
511	ML Mountain Frame-W - Silver, 40	$199.38	Silver	Mountain Frames	Components	#C0C0C0	#000000	4
512	ML Mountain Frame-W - Silver, 42	$199.38	Silver	Mountain Frames	Components	#C0C0C0	#000000	4
513	ML Mountain Frame-W - Silver, 46	$199.38	Silver	Mountain Frames	Components	#C0C0C0	#000000	4
514	Rear Brakes	$47.29	Silver	Brakes	Components	#C0C0C0	#000000	2
515	LL Mountain Seat/Saddle	$12.04	NaN	Saddles	Components	#DCDCDC	#000000	1
516	ML Mountain Seat/Saddle	$17.38	NaN	Saddles	Components	#DCDCDC	#000000	1
517	HL Mountain Seat/Saddle	$23.37	NaN	Saddles	Components	#DCDCDC	#000000	1
518	LL Road Seat/Saddle	$12.04	NaN	Saddles	Components	#DCDCDC	#000000	1
519	ML Road Seat/Saddle	$17.38	NaN	Saddles	Components	#DCDCDC	#000000	1
520	HL Road Seat/Saddle	$23.37	NaN	Saddles	Components	#DCDCDC	#000000	1
521	LL Touring Seat/Saddle	$12.04	NaN	Saddles	Components	#DCDCDC	#000000	1
522	ML Touring Seat/Saddle	$17.38	NaN	Saddles	Components	#DCDCDC	#000000	1
523	HL Touring Seat/Saddle	$23.37	NaN	Saddles	Components	#DCDCDC	#000000	1
524	LL Mountain Frame - Silver, 42	$144.59	Silver	Mountain Frames	Components	#C0C0C0	#000000	4
525	LL Mountain Frame - Silver, 44	$144.59	Silver	Mountain Frames	Components	#C0C0C0	#000000	4
526	LL Mountain Frame - Silver, 48	$144.59	Silver	Mountain Frames	Components	#C0C0C0	#000000	4
527	LL Mountain Frame - Silver, 52	$144.59	Silver	Mountain Frames	Components	#C0C0C0	#000000	4
528	Mountain Tire Tube	$1.87	NaN	Tires and Tubes	Accessories	#DCDCDC	#000000	1
529	Road Tire Tube	$1.49	NaN	Tires and Tubes	Accessories	#DCDCDC	#000000	1
530	Touring Tire Tube	$1.87	NaN	Tires and Tubes	Accessories	#DCDCDC	#000000	1
535	LL Mountain Tire	$9.35	NaN	Tires and Tubes	Accessories	#DCDCDC	#000000	1
536	ML Mountain Tire	$11.22	NaN	Tires and Tubes	Accessories	#DCDCDC	#000000	1
537	HL Mountain Tire	$13.09	NaN	Tires and Tubes	Accessories	#DCDCDC	#000000	1
538	LL Road Tire	$8.04	NaN	Tires and Tubes	Accessories	#DCDCDC	#000000	1
539	ML Road Tire	$9.35	NaN	Tires and Tubes	Accessories	#DCDCDC	#000000	1
540	HL Road Tire	$12.19	NaN	Tires and Tubes	Accessories	#DCDCDC	#000000	1
541	Touring Tire	$10.84	NaN	Tires and Tubes	Accessories	#DCDCDC	#000000	1
542	LL Mountain Pedal	$17.98	Silver/Black	Pedals	Components	#696969	#FFFFFF	1
543	ML Mountain Pedal	$27.57	Silver/Black	Pedals	Components	#696969	#FFFFFF	2
544	HL Mountain Pedal	$35.96	Silver/Black	Pedals	Components	#696969	#FFFFFF	2
545	LL Road Pedal	$17.98	Silver/Black	Pedals	Components	#696969	#FFFFFF	1
546	ML Road Pedal	$27.57	Silver/Black	Pedals	Components	#696969	#FFFFFF	2
547	HL Road Pedal	$35.96	Silver/Black	Pedals	Components	#696969	#FFFFFF	2
548	Touring Pedal	$35.96	Silver/Black	Pedals	Components	#696969	#FFFFFF	2
549	ML Mountain Frame-W - Silver, 38	$199.38	Silver	Mountain Frames	Components	#C0C0C0	#000000	4
551	LL Mountain Frame - Silver, 40	$144.59	Silver	Mountain Frames	Components	#C0C0C0	#000000	4
552	Front Derailleur	$40.62	Silver	Derailleurs	Components	#C0C0C0	#000000	2
553	LL Touring Handlebars	$20.46	NaN	Handlebars	Components	#DCDCDC	#000000	1
554	HL Touring Handlebars	$40.66	NaN	Handlebars	Components	#DCDCDC	#000000	2
555	Front Brakes	$47.29	Silver	Brakes	Components	#C0C0C0	#000000	2
559	Chain	$8.99	Silver	Chains	Components	#C0C0C0	#000000	1
560	Touring-2000 Blue, 60	$755.15	Blue	Touring Bikes	Bikes	#0000FF	#FFFFFF	7
561	Touring-1000 Yellow, 46	$1,481.94	Yellow	Touring Bikes	Bikes	#FFFF00	#000000	8
562	Touring-1000 Yellow, 50	$1,481.94	Yellow	Touring Bikes	Bikes	#FFFF00	#000000	8
563	Touring-1000 Yellow, 54	$1,481.94	Yellow	Touring Bikes	Bikes	#FFFF00	#000000	8
564	Touring-1000 Yellow, 60	$1,481.94	Yellow	Touring Bikes	Bikes	#FFFF00	#000000	8
565	Touring-3000 Blue, 54	$461.44	Blue	Touring Bikes	Bikes	#0000FF	#FFFFFF	5
566	Touring-3000 Blue, 58	$461.44	Blue	Touring Bikes	Bikes	#0000FF	#FFFFFF	5
567	Touring-3000 Blue, 62	$461.44	Blue	Touring Bikes	Bikes	#0000FF	#FFFFFF	5
568	Touring-3000 Yellow, 44	$461.44	Yellow	Touring Bikes	Bikes	#FFFF00	#000000	5
569	Touring-3000 Yellow, 50	$461.44	Yellow	Touring Bikes	Bikes	#FFFF00	#000000	5
570	Touring-3000 Yellow, 54	$461.44	Yellow	Touring Bikes	Bikes	#FFFF00	#000000	5
571	Touring-3000 Yellow, 58	$461.44	Yellow	Touring Bikes	Bikes	#FFFF00	#000000	5
572	Touring-3000 Yellow, 62	$461.44	Yellow	Touring Bikes	Bikes	#FFFF00	#000000	5
573	Touring-1000 Blue, 46	$1,481.94	Blue	Touring Bikes	Bikes	#0000FF	#FFFFFF	8
574	Touring-1000 Blue, 50	$1,481.94	Blue	Touring Bikes	Bikes	#0000FF	#FFFFFF	8
575	Touring-1000 Blue, 54	$1,481.94	Blue	Touring Bikes	Bikes	#0000FF	#FFFFFF	8
576	Touring-1000 Blue, 60	$1,481.94	Blue	Touring Bikes	Bikes	#0000FF	#FFFFFF	8
577	Touring-2000 Blue, 46	$755.15	Blue	Touring Bikes	Bikes	#0000FF	#FFFFFF	7
578	Touring-2000 Blue, 50	$755.15	Blue	Touring Bikes	Bikes	#0000FF	#FFFFFF	7
579	Touring-2000 Blue, 54	$755.15	Blue	Touring Bikes	Bikes	#0000FF	#FFFFFF	7
580	Road-350-W Yellow, 40	$1,082.51	Yellow	Road Bikes	Bikes	#FFFF00	#000000	8
581	Road-350-W Yellow, 42	$1,082.51	Yellow	Road Bikes	Bikes	#FFFF00	#000000	8
582	Road-350-W Yellow, 44	$1,082.51	Yellow	Road Bikes	Bikes	#FFFF00	#000000	8
583	Road-350-W Yellow, 48	$1,082.51	Yellow	Road Bikes	Bikes	#FFFF00	#000000	8
585	Touring-3000 Blue, 44	$461.44	Blue	Touring Bikes	Bikes	#0000FF	#FFFFFF	5
586	Touring-3000 Blue, 50	$461.44	Blue	Touring Bikes	Bikes	#0000FF	#FFFFFF	5
587	Mountain-400-W Silver, 38	$419.78	Silver	Mountain Bikes	Bikes	#C0C0C0	#000000	5
588	Mountain-400-W Silver, 40	$419.78	Silver	Mountain Bikes	Bikes	#C0C0C0	#000000	5
589	Mountain-400-W Silver, 42	$419.78	Silver	Mountain Bikes	Bikes	#C0C0C0	#000000	5
590	Mountain-400-W Silver, 46	$419.78	Silver	Mountain Bikes	Bikes	#C0C0C0	#000000	5
591	Mountain-500 Silver, 40	$308.22	Silver	Mountain Bikes	Bikes	#C0C0C0	#000000	5
592	Mountain-500 Silver, 42	$308.22	Silver	Mountain Bikes	Bikes	#C0C0C0	#000000	5
593	Mountain-500 Silver, 44	$308.22	Silver	Mountain Bikes	Bikes	#C0C0C0	#000000	5
594	Mountain-500 Silver, 48	$308.22	Silver	Mountain Bikes	Bikes	#C0C0C0	#000000	5
595	Mountain-500 Silver, 52	$308.22	Silver	Mountain Bikes	Bikes	#C0C0C0	#000000	5
601	LL Bottom Bracket	$23.97	NaN	Bottom Brackets	Components	#DCDCDC	#000000	1
602	ML Bottom Bracket	$44.95	NaN	Bottom Brackets	Components	#DCDCDC	#000000	2
603	HL Bottom Bracket	$53.94	NaN	Bottom Brackets	Components	#DCDCDC	#000000	3
