ResellerKey	Business Type	Reseller	City	State-Province	Country-Region	Latitude	Longitude	CityShape
97	Value Added Reseller	Mountain Bike Center	Newark	California	United States	37.5296593	-122.0402399	
259	Specialty Bike Shop	Highway Bike Shop	Simi Valley	California	United States	34.2677404	-118.7538071	
240	Value Added Reseller	Wire Baskets and Parts	Orange	California	United States	33.750631	-117.8722311	
367	Value Added Reseller	Brown Bicycle Company	San Diego	California	United States	32.7174202	-117.162772	
6	Warehouse	Aerobic Exercise Company	Camarillo	California	United States	34.2176371	-119.0383541	
24	Warehouse	Eastside Department Store	Union City	California	United States	37.5872576	-122.0215737	
241	Specialty Bike Shop	Vale Riding Supplies	Canoga Park	California	United States	34.2011078	-118.5978087	
311	Warehouse	Principal Bike Company	Upland	California	United States	34.09751	-117.6483876	
294	Value Added Reseller	Flawless Bike Shop	Vista	California	United States	33.2021284	-117.2424787	
61	Value Added Reseller	Many Bikes Store	Fullerton	California	United States	33.8708215	-117.929416	
608	Warehouse	Golf and Cycle Store	La Mesa	California	United States	32.7678288	-117.0230839	
185	Value Added Reseller	Weekend Bike Tours	San Jose	California	United States	37.3361663	-121.890591	
649	Specialty Bike Shop	Sports Products Store	Santa Ana	California	United States	33.7494951	-117.873221	
329	Specialty Bike Shop	Unicycles, Bicycles, and Tricycles	Downey	California	United States	33.9404441	-118.1292846	
492	Specialty Bike Shop	Basic Sports Equipment	Baldwin Park	California	United States	34.080306300000004	-117.9662285946333	
42	Warehouse	Healthy Activity Store	Newport Beach	California	United States	33.6170092	-117.9294401	
203	Value Added Reseller	Separate Parts Corporation	Monrovia	California	United States	34.1483499	-118.0014517	
258	Value Added Reseller	Quantity Discounts	Sacramento	California	United States	38.5810606	-121.493895	
419	Specialty Bike Shop	Exertion Activities Club	Norwalk	California	United States	33.9092802	-118.0849169	
385	Value Added Reseller	Sturdy Toys	Gilroy	California	United States	37.0065078	-121.5631723	
133	Warehouse	Commercial Sporting Goods	Modesto	California	United States	37.6393419	-120.9968892	
383	Specialty Bike Shop	Vehicle Shop	Redlands	California	United States	34.0550328	-117.1827445	
167	Value Added Reseller	Farthermost Bike Shop	Carson	California	United States	33.8322043	-118.2517547	
276	Value Added Reseller	Thrifty Parts and Sales	Oxnard	California	United States	34.1976308	-119.180381	
113	Value Added Reseller	Trendy Department Stores	Fontana	California	United States	34.0922947	-117.43433	
403	Value Added Reseller	Affordable Sports Equipment	Lake Elsinore	California	United States	33.6680772	-117.3272615	
114	Specialty Bike Shop	Two Wheels Cycle Store	San Francisco	California	United States	37.7792588	-122.4193286	
312	Value Added Reseller	Resale Services	Culver City	California	United States	34.0211224	-118.396466	
510	Specialty Bike Shop	World Bike Discount Store	Trabuco Canyon	California	United States	33.6626232	-117.58938	
366	Warehouse	Extended Bike Sales	City Of Commerce	California	United States	33.971865300000005	-118.12754763590029	
661	Value Added Reseller	General Department Stores	Calgary	Alberta	Canada	51.0456064	-114.057541	
599	Warehouse	Westside Plaza	Sand City	California	United States	36.6171819	-121.848285	
420	Warehouse	Extreme Riding Supplies	Sherman Oaks	California	United States	34.1508718	-118.448986	
41	Specialty Bike Shop	Distant Inn	Milpitas	California	United States	37.4332273	-121.8989248	
493	Warehouse	Valley Bicycle Distributors	Citrus Heights	California	United States	38.7071247	-121.2810611	
313	Specialty Bike Shop	Metropolitan Manufacturing	El Cajon	California	United States	32.7947731	-116.962526	
95	Specialty Bike Shop	Rural Department Store	Pleasanton	California	United States	37.6624312	-121.8746789	
60	Warehouse	Main Bicycle Services	Hayward	California	United States	37.6688205	-122.080796	
59	Specialty Bike Shop	Locks Company	Visalia	California	United States	36.3302284	-119.292058	
25	Value Added Reseller	Coalition Bike Company	El Segundo	California	United States	33.917028	-118.4156337	
330	Warehouse	The New Bike Store	Hanford	California	United States	36.3277959	-119.6461565	
187	Warehouse	Trailblazing Sports	Cerritos	California	United States	33.8644291	-118.0539323	
331	Value Added Reseller	Technical Parts Manufacturing	Ontario	California	United States	34.065846	-117.64843	
5	Specialty Bike Shop	Metropolitan Sports Supply	Fremont	California	United States	37.5482697	-121.988571	
275	Warehouse	Outdoor Sporting Goods	Lakewood	California	United States	33.8503463	-118.117191	
131	Value Added Reseller	Eighth Bike Store	El Segundo	California	United States	33.917028	-118.4156337	
511	Warehouse	Wheel Gallery	San Mateo	California	United States	37.496904	-122.3330573	
384	Warehouse	Sparkling Paint and Finishes	San Ysidro	California	United States	32.5520013	-117.0430813	
23	Specialty Bike Shop	Bike World	San Ramon	California	United States	37.7648021	-121.9544387	
528	Specialty Bike Shop	Alpine Ski House	Elk Grove	California	United States	38.4087993	-121.3716178	
474	Specialty Bike Shop	Retail Cycle Shop	Eureka	California	United States	40.7906871	-124.1673746	
674	Specialty Bike Shop	Discount Tours	Daly City	California	United States	37.6904826	-122.47267	
204	Specialty Bike Shop	Traction Tire Company	Torrance	California	United States	33.8371392	-118.3413606	
239	Warehouse	Bicycle Merchandise Warehouse	Santa Monica	California	United States	34.0194704	-118.491227	
582	Value Added Reseller	Professional Sales and Service	Van Nuys	California	United States	34.1866193	-118.4486675	
257	Warehouse	Number 1 Supply	Escondido	California	United States	33.1216751	-117.0814849	
347	Specialty Bike Shop	Bike Universe	Vacaville	California	United States	38.3565773	-121.9877444	
676	Value Added Reseller	Better Bike Shop	Austell	Georgia	United States	33.8126059	-84.6343783	
296	Warehouse	Extreme Toy Store	Birmingham	Alabama	United States	33.5206824	-86.8024326	
315	Value Added Reseller	Juvenile Sports Equipment	Merritt Island	Florida	United States	28.2662775	-80.66369844594115	
652	Specialty Bike Shop	Selected Distributors	Marietta	Georgia	United States	33.9528472	-84.5496148	
558	Value Added Reseller	Retail Sales and Service	Tilton	New Hampshire	United States	43.44245	-71.588974	
545	Value Added Reseller	Finish and Sealant Products	San Bruno	California	United States	37.6248536	-122.4145986	
152	Value Added Reseller	Distance Bikes	Clarkston	Georgia	United States	33.8095487	-84.2396434	
675	Warehouse	Bike Goods	North Miami Beach	Florida	United States	25.9331488	-80.1625463	
477	Specialty Bike Shop	Quitting Business Distributors	Tampa	Florida	United States	27.9477595	-82.458444	
132	Specialty Bike Shop	Another Sporting Goods Company	Westminster	Colorado	United States	39.8366528	-105.0372046	
565	Specialty Bike Shop	Metallic Paint and Overcoat Co	Vista	California	United States	33.2021284	-117.2424787	
473	Value Added Reseller	Racing Toys	Phoenix	Arizona	United States	33.4484367	-112.074141	
437	Value Added Reseller	Professional Cycle Store	Phoenix	Arizona	United States	33.4484367	-112.074141	
251	Warehouse	Endurance Bikes	Hamden	Connecticut	United States	41.3959302	-72.8968574	
125	Value Added Reseller	Immediate Repair Shop	Stamford	Connecticut	United States	41.0534302	-73.5387341	
153	Specialty Bike Shop	Widget Bicycle Specialists	Clearwater	Florida	United States	27.9658533	-82.8001026	
224	Warehouse	Pedal Systems Company	Florence	Alabama	United States	34.79981	-87.677251	
651	Value Added Reseller	Retread Tire Company	Augusta	Georgia	United States	33.4709714	-81.9748429	
476	Value Added Reseller	Noiseless Gear Company	Columbus	Georgia	United States	32.4610708	-84.9880449	
494	Value Added Reseller	Worthwhile Activity Store	Miami	Florida	United States	25.7820042	-80.22256438834017	
242	Warehouse	Spoke Manufacturers	Miami	Florida	United States	25.7820042	-80.22256438834017	
547	Specialty Bike Shop	Curbside Sporting Goods	Walnut Creek	California	United States	37.9020731	-122.0618702	
222	Value Added Reseller	Sample Bike Store	Denver	Colorado	United States	39.7392364	-104.984862	
612	Value Added Reseller	General Associates	Hollywood	Florida	United States	26.0112014	-80.1494901	
368	Specialty Bike Shop	Elemental Sporting Goods	Decatur	Georgia	United States	30.8736613	-84.5740953	
189	Specialty Bike Shop	Principal Bicycle Supply	Mobile	Alabama	United States	30.6913462	-88.0437509	
252	Value Added Reseller	Classic Cycle Store	Milford	Connecticut	United States	41.2222218	-73.0570603	
332	Specialty Bike Shop	Topnotch Bikes	Montgomery	Alabama	United States	32.37742	-86.3091683	
459	Specialty Bike Shop	Parts Shop	La Grange	Georgia	United States			
80	Specialty Bike Shop	Racks and Security Systems	Sunrise	Florida	United States	26.1666888	-80.2787573	
243	Value Added Reseller	Recreation Supplies	Kendall	Florida	United States	25.6718125	-80.35486075316194	
223	Specialty Bike Shop	Paints and Solvents Company	Englewood	Colorado	United States	39.6482059	-104.9879641	
684	Warehouse	Lease-a-Bike Shop	Milford	Connecticut	United States	41.2222218	-73.0570603	
215	Value Added Reseller	Eleventh Bike Store	Westport	Connecticut	United States	41.1414855	-73.3578955	
509	Value Added Reseller	Fun Toys and Bikes	Tucson	Arizona	United States	32.2228765	-110.974847	
458	Value Added Reseller	Simple Bike Parts	Destin	Florida	United States	30.3935337	-86.4957834	
79	Value Added Reseller	Reasonable Bicycle Sales	Greeley	Colorado	United States	40.4233142	-104.7091322	
495	Specialty Bike Shop	Tough and Reliable Parts	Lakeland	Florida	United States	28.0394654	-81.9498042	
563	Warehouse	Systematic Sales	Gilbert	Arizona	United States	33.3527632	-111.789037	
99	Warehouse	Unified Sports Company	Sarasota	Florida	United States	27.3365805	-82.5308545	
71	Specialty Bike Shop	Outdoor Distributors	Farmington	Connecticut	United States	41.7198216	-72.8320435	
143	Value Added Reseller	Modern Bike Store	East Haven	Connecticut	United States	41.2762081	-72.8684337	
351	Warehouse	Acclaimed Bicycle Company	Mcdonough	Georgia	United States	33.4473361	-84.1468616	
531	Specialty Bike Shop	Sunny Place Bikes	Vero Beach	Florida	United States	27.6387163	-80.3975399	
525	Specialty Bike Shop	Cycles and Scooters	Byron	Georgia	United States	32.6537561	-83.7596294	
691	Value Added Reseller	Mountain Bike Store	New Haven	Connecticut	United States	41.3082138	-72.9250518	
611	Warehouse	Front Runner Bikes	Bradenton	Florida	United States	27.4989278	-82.5748194	
527	Value Added Reseller	Fun Times Club	Parker	Colorado	United States	39.5184514	-104.7612638	
278	Warehouse	Tread Industries	Orlando	Florida	United States	28.5421109	-81.3790304	
44	Specialty Bike Shop	Games and Sport Supply Company	Huntsville	Alabama	United States	34.729847	-86.5859011	
624	Value Added Reseller	First Cycle Store	Scottsdale	Arizona	United States	33.4942189	-111.926018	
610	Specialty Bike Shop	Fitness Department Stores	Scottsdale	Arizona	United States	33.4942189	-111.926018	
546	Value Added Reseller	Field Trip Store	Loveland	Colorado	United States	40.3977612	-105.07498	
523	Warehouse	Futuristic Sport Distributors	Longmont	Colorado	United States	40.1672117	-105.101928	
216	Specialty Bike Shop	Painters Bicycle Specialists	Waterbury	Connecticut	United States	41.5538091	-73.0438362	
457	Warehouse	Retail Sporting Equipment	Mesa	Arizona	United States	33.4151005	-111.831455	
439	Warehouse	Regional Manufacturing	Tucson	Arizona	United States	32.2228765	-110.974847	
327	Value Added Reseller	World of Bikes	Saint Louis	Missouri	United States	38.6280278	-90.1910154	
161	Value Added Reseller	Weekend Tours	Fort Wayne	Indiana	United States	41.0799898	-85.1386015	
205	Warehouse	Rally Master Company Inc	Chandler	Arizona	United States	33.3062031	-111.841185	
36	Warehouse	Exotic Bikes	South Bend	Indiana	United States	41.6833813	-86.2500066	
364	Value Added Reseller	District Mall	Ferguson	Missouri	United States	38.744707	-90.3038975	
598	Specialty Bike Shop	Black Bicycle Company	Branson	Missouri	United States	36.6440772	-93.2169256	
544	Warehouse	Valley Bicycle Specialists	Kansas City	Missouri	United States	39.100105	-94.5781416	
108	Warehouse	Wheelsets Storehouse	Kittery	Maine	United States	43.088448	-70.736847	
642	Value Added Reseller	Fitness Sport Boutique	Kittery	Maine	United States	43.088448	-70.736847	
147	Specialty Bike Shop	Local Hardware Factory	Chicago	Illinois	United States	41.8755616	-87.6244212	
579	Value Added Reseller	Riders Company	Branch	Minnesota	United States	45.5052353	-92.9547187	
297	Value Added Reseller	Blue-Ribbon Bike Company	Saint Matthews	Kentucky	United States	38.2528489	-85.6557947	
110	Value Added Reseller	Vintage Sport Boutique	Idaho Falls	Idaho	United States	43.4887907	-112.03628	
513	Specialty Bike Shop	Village Tours	Newport	Kentucky	United States	39.0889469	-84.4919524	
562	Specialty Bike Shop	Practical Bike Supply Company	Woodbury	Minnesota	United States	44.919896	-92.9339449	
431	Specialty Bike Shop	Small Cycle Store	Holland	Michigan	United States	42.7876022	-86.1090828	
643	Specialty Bike Shop	Friendly Bike Shop	Port Huron	Michigan	United States	42.9760854	-82.4333742	
111	Specialty Bike Shop	Westside Cycle Store	Elgin	Illinois	United States	42.03726	-88.2810994	
622	Specialty Bike Shop	Gift and Toy Store	Tuscola	Illinois	United States	39.7998585	-88.2884552	
305	Warehouse	Professional Sporting Goods	Michigan City	Indiana	United States	41.7075394	-86.8950297	
234	Value Added Reseller	Eastside Sporting Goods	Indianapolis	Indiana	United States	39.7683331	-86.1583502	
53	Specialty Bike Shop	Incomparable Bicycle Store	Norwood	Massachusetts	United States	42.194543	-71.1994976	
395	Specialty Bike Shop	Online Bike Sellers	Midland	Michigan	United States	43.6155825	-84.2472117	
198	Specialty Bike Shop	Field Trip Inc	Southfield	Michigan	United States	42.4733689	-83.2218731	
57	Warehouse	Leading Sales & Repair	West Chicago	Illinois	United States	41.8847507	-88.2039607	
117	Specialty Bike Shop	Pedals Warehouse	Suwanee	Georgia	United States	34.0514898	-84.0712997	
504	Specialty Bike Shop	Historic Bicycle Sales	Redford	Michigan	United States	42.3833698	-83.2965971	
363	Warehouse	Immense Manufacturing Company	Saint Ann	Missouri	United States	38.7272735	-90.3831719	
18	Warehouse	Catalog Store	Zeeland	Michigan	United States	42.8123375	-86.0165267	
396	Warehouse	Executive Gift Store	New Castle	Indiana	United States	39.9289351	-85.3702477	
288	Value Added Reseller	Kickstand Sellers	Westland	Michigan	United States	42.3238056	-83.4005321	
306	Value Added Reseller	Work and Play Association	Southgate	Michigan	United States	42.2037103	-83.2067556	
450	Specialty Bike Shop	Bikes Anyone?	Saugus	Massachusetts	United States	42.4648183	-71.010051	
441	Specialty Bike Shop	Leading Bike Distributors	Somerset	Kentucky	United States	37.0920222	-84.6041084	
310	Specialty Bike Shop	Orange Bicycle Company	Peoria	Illinois	United States	40.6938609	-89.5891008	
287	Warehouse	Handy Bike Services	Madison Heights	Michigan	United States	42.4858692	-83.1052028	
171	Specialty Bike Shop	Eighty Toy Stores	Mcdonough	Georgia	United States	33.4473361	-84.1468616	
274	Specialty Bike Shop	Active Systems	Duluth	Minnesota	United States	46.7729322	-92.1251218	
488	Value Added Reseller	Bicycle Accessories and Kits	Lewiston	Idaho	United States	46.4195913	-117.0216144	
557	Warehouse	Purchase Mart	Wrentham	Massachusetts	United States	42.0667652	-71.3281114	
346	Value Added Reseller	Great Bicycle Supply	Moline	Illinois	United States	41.5058344	-90.5136642	
472	Warehouse	Summer Sports Place	Norridge	Illinois	United States	41.9633641	-87.827284	
238	Specialty Bike Shop	A Great Bicycle Company	Jefferson City	Missouri	United States	38.577359	-92.1724265	
623	Warehouse	Hardware Components	Minneapolis	Minnesota	United States	44.9772995	-93.2654692	
39	Warehouse	Fitness Hotel	Edina	Minnesota	United States	44.8897027	-93.3501222	
486	Specialty Bike Shop	Convenient Bike Shop	Braintree	Massachusetts	United States	42.2205956	-71.0041229	
323	Warehouse	Metro Bike Works	Detroit	Michigan	United States	42.3315509	-83.0466403	
398	Specialty Bike Shop	Commendable Bikes	Sandpoint	Idaho	United States	48.2765903	-116.553247	
670	Value Added Reseller	First Bike Store	Odessa	Missouri	United States	38.9995797	-93.9539663	
400	Value Added Reseller	Local Sales and Rental	Joliet	Illinois	United States	41.5263603	-88.0840212	
107	Specialty Bike Shop	Wholesale Bikes	Randolph	Massachusetts	United States	42.1626018	-71.0413386	
694	Value Added Reseller	The Accessories Store	Medford	Minnesota	United States	44.1741299	-93.2463242	
225	Value Added Reseller	Optimal Bikes	Campbellsville	Kentucky	United States	37.3433974	-85.3419069	
660	Warehouse	Exhilarating Cycles	Howell	Michigan	United States	42.6072552	-83.9293952	
414	Warehouse	Grand Discount Store	Daleville	Indiana	United States	40.1211546	-85.5580301	
468	Specialty Bike Shop	Blue Bicycle Company	Monroe	Michigan	United States	41.9153358	-83.5135665	
377	Specialty Bike Shop	Grand Sport Boutique	Saginaw	Michigan	United States	43.4200387	-83.9490365	
369	Warehouse	Distinctive Cycles Sales & Service	Florence	Kentucky	United States	38.9989499	-84.6266111	
619	Specialty Bike Shop	Strong Metal Manufacturing	Ithaca	New York	United States	42.437417499999995	-76.54837235139263	
413	Specialty Bike Shop	Margie's Travel	Central Valley	New York	United States	41.3317605	-74.120978	
644	Warehouse	Convenient Sales and Service	Springfield	Oregon	United States	44.0462362	-123.0220289	
126	Specialty Bike Shop	Famous Bike Sales and Service	Endicott	New York	United States	42.098408	-76.0493684	
667	Value Added Reseller	Traditional Department Stores	Valley Stream	New York	United States	40.6631362	-73.7056955	
522	Specialty Bike Shop	Small Bike Accessories Shop	Cheektowaga	New York	United States	42.9033917	-78.7547536	
269	Warehouse	Curbside Universe	Euclid	Ohio	United States	41.5931049	-81.5267873	
233	Warehouse	Fashionable Department Stores	New Hartford	New York	United States	43.073653	-75.287933	
581	Warehouse	Safe Toys	Rio Rancho	New Mexico	United States	35.2702448	-106.6329806	
180	Specialty Bike Shop	Full-Service Bike Store	Pontiac	Michigan	United States	42.6389216	-83.2910468	
521	Value Added Reseller	Mobile Outlet	Woonsocket	Rhode Island	United States	42.0028761	-71.5147839	
666	Warehouse	Bike Boutique	Columbus	Ohio	United States	39.9622601	-83.0007065	
162	Specialty Bike Shop	Tire Company	Warwick	Rhode Island	United States	41.6992717	-71.4586114	
434	Specialty Bike Shop	Road-Way Mart	Missoula	Montana	United States	46.8701049	-113.995267	
566	Warehouse	eCommerce Bikes	Gulfport	Mississippi	United States	30.3674198	-89.0928155	
341	Specialty Bike Shop	Independent Outlet	Clay	New York	United States	43.186621	-76.2065431	
38	Specialty Bike Shop	Finer Mart	Billings	Montana	United States	45.7874957	-108.49607	
524	Value Added Reseller	Chain and Chain Tool Distributions	Smithfield	North Carolina	United States	35.5111996	-78.346102	
541	Warehouse	Nonskid Tire Company	Great Falls	Montana	United States	47.5048851	-111.29189	
386	Specialty Bike Shop	Touring Services	Myrtle Beach	South Carolina	United States	33.6956461	-78.8900409	
186	Specialty Bike Shop	Thrilling Bike Tours	Santa Fe	New Mexico	United States	35.6876096	-105.938456	
56	Specialty Bike Shop	Latest Accessories Sales	Portland	Oregon	United States	45.5202471	-122.674194	
564	Value Added Reseller	Imported and Domestic Cycles	North Las Vegas	Nevada	United States	36.2005843	-115.121584	
690	Warehouse	Active Cycling	Heath	Ohio	United States	40.0228421	-82.4445991	
164	Value Added Reseller	Suburban Cycle Shop	Troutdale	Oregon	United States	45.5392862	-122.3873133	
378	Warehouse	Grown-up Bike Store	Springdale	Ohio	United States	39.287002	-84.4852213	
144	Specialty Bike Shop	Only Bikes and Accessories	New York	New York	United States	40.7127281	-74.0060152	
63	Warehouse	Metro Bike Mart	Greensboro	North Carolina	United States	36.0726355	-79.7919754	
169	Warehouse	Downtown Hotel	Fernley	Nevada	United States	39.6075249	-119.2508406	
55	Value Added Reseller	Kickstands and Accessories Company	Medford	Oregon	United States	42.3264181	-122.8718605	
593	Warehouse	Expert Sports Store	Holland	Ohio	United States	41.621718	-83.711604	
179	Value Added Reseller	Fourth Bike Store	Mentor	Ohio	United States	41.6664781	-81.3399769	
626	Warehouse	Retail Sporting Goods	Las Vegas	Nevada	United States	36.1672559	-115.148516	
692	Specialty Bike Shop	Successful Sales Company	Tigard	Oregon	United States	45.4307473	-122.771933	
72	Warehouse	Outdoor Equipment Store	Nashua	New Hampshire	United States	42.7656251	-71.4677032	
451	Warehouse	Roadway Bike Emporium	Medford	Oregon	United States	42.3264181	-122.8718605	
22	Value Added Reseller	Travel Systems	North Sioux City	South Dakota	United States	42.5246831	-96.4872384	
575	Warehouse	Bicycle Outfitters	Cincinnati	Ohio	United States	39.1014537	-84.5124602	
618	Value Added Reseller	Seventh Bike Store	Plaistow	New Hampshire	United States	42.8364781	-71.0947805	
699	Warehouse	Sensational Discount Store	Kannapolis	North Carolina	United States	35.4979605	-80.6240008	
700	Value Added Reseller	Underglaze and Finish Company	Charlotte	North Carolina	United States	35.2272086	-80.8430827	
548	Warehouse	New Bikes Company	Bluffton	South Carolina	United States	32.2371465	-80.8603868	
539	Value Added Reseller	Glossy Bikes	Lake George	New York	United States	43.425996	-73.712425	
650	Warehouse	Permanent Finish Products	Reno	Nevada	United States	39.5261206	-119.8126581	
576	Value Added Reseller	The Bike Mechanics	Mansfield	Ohio	United States	40.75839	-82.5154471	
89	Specialty Bike Shop	Riverside Company	Oberlin	Ohio	United States	41.2939386	-82.2173786	
207	Specialty Bike Shop	Lubricant and Grease Suppliers	Rocky Mount	North Carolina	United States	35.9423833	-77.7956949	
206	Value Added Reseller	New and Used Bicycles	Winston-Salem	North Carolina	United States	36.0998131	-80.2440518	
487	Warehouse	Bike Experts	Salem	Oregon	United States	44.9391565	-123.033121	
503	Value Added Reseller	Metropolitan Sales and Rental	Hooksett	New Hampshire	United States	43.096972	-71.465378	
324	Value Added Reseller	A Bicycle Association	De Witt	New York	United States	43.0386776	-76.0729775	
221	Warehouse	Bike Dealers Association	Las Cruces	New Mexico	United States	32.3140354	-106.779807	
454	Warehouse	Sleek Bikes	Denby	South Dakota	United States	43.0608228	-102.3376561	
115	Warehouse	Security Racks and Locks Wholesalers	Sparks	Nevada	United States	39.5404679	-119.7487235	
314	Warehouse	One-Piece Handle Bars	Tupelo	Mississippi	United States	34.2576067	-88.7033859	
163	Warehouse	Sports Merchandise	Klamath Falls	Oregon	United States	42.224867	-121.78167	
270	Value Added Reseller	Active Transport Inc.	North Randall	Ohio	United States	41.434424	-81.525492	
422	Specialty Bike Shop	Consolidated Sales	Gaffney	South Carolina	United States	35.0717945	-81.6498195	
469	Warehouse	Vast Bike Sales and Rental	Chehalis	Washington	United States	46.6599653	-122.963432	
467	Value Added Reseller	The Cycle Store	Falls Church	Virginia	United States	38.882334	-77.1710914	
40	Value Added Reseller	Journey Sporting Goods	Laredo	Texas	United States	27.5075005	-99.5069922	
17	Specialty Bike Shop	Trusted Catalog Store	Newport News	Virginia	United States	36.9775016	-76.42977	
540	Specialty Bike Shop	Guaranteed Sales and Service	Burbank	Ohio	United States	40.988667	-81.9948684	
435	Warehouse	Satin Finish Company	Corpus Christi	Texas	United States	27.7635302	-97.4033191	
561	Value Added Reseller	Mountain Toy Store	Sugar Land	Texas	United States	29.6196787	-95.6349463	
345	Warehouse	Genial Bike Associates	Humble	Texas	United States	29.9988312	-95.2621553	
62	Specialty Bike Shop	Manufacturers Inc	Nashville	Tennessee	United States	36.1622767	-86.7742984	
512	Value Added Reseller	Tiny Bike Boutique	Nashville	Tennessee	United States	36.1622767	-86.7742984	
449	Value Added Reseller	Bike Products and Accessories	Virginia Beach	Virginia	United States	36.8496579	-75.9760751	
3	Warehouse	Advanced Bike Components	Irving	Texas	United States	32.8295183	-96.9442177	
21	Warehouse	Chic Department Stores	Irving	Texas	United States	32.8295183	-96.9442177	
489	Specialty Bike Shop	Cash & Carry Bikes	Cedar Park	Texas	United States	30.5217116	-97.827833	
405	Warehouse	Sporting Goods and Bicycle Shop	Kingsport	Tennessee	United States	36.550238	-82.5594293	
399	Warehouse	Big Cycle Mall	Killeen	Texas	United States	31.1171441	-97.727796	
43	Value Added Reseller	Frugal Bike Shop	Salt Lake City	Utah	United States	40.7596198	-111.886797	
485	Value Added Reseller	Clamps & Brackets Co.	Leesburg	Virginia	United States	39.1154506	-77.5645607	
607	Specialty Bike Shop	Maintenance and Repair for Bicycles	La Marque	Texas	United States	29.3685674	-94.9713134	
490	Warehouse	Extraordinary Bike Works	Mesquite	Texas	United States	32.7666103	-96.599472	
344	Specialty Bike Shop	Fifth Bike Store	Everett	Washington	United States	47.9793437	-122.2127011	
698	Specialty Bike Shop	Western Bike Supplies	Cedar City	Utah	United States	37.6774238	-113.061827	
673	Value Added Reseller	Countryside Company	Bountiful	Utah	United States	40.8894611	-111.8804817	
701	Warehouse	Future Bikes	Calgary	Alberta	Canada	51.0456064	-114.057541	
254	Warehouse	Safe Cycles Shop	Bellevue	Washington	United States	47.6144219	-122.192337	
508	Warehouse	Designer Department Stores	Hillsboro	Texas	United States	32.0108506	-97.1303744	
273	Value Added Reseller	A Typical Bike Shop	Round Rock	Texas	United States	30.5085915	-97.6788056	
629	Warehouse	Efficient Cycling	Calgary	Alberta	Canada	51.0456064	-114.057541	
325	Specialty Bike Shop	All Cycle Shop	Bothell	Washington	United States	47.7623204	-122.2054035	
90	Warehouse	Sales and Supply Company	Chantilly	Virginia	United States	38.885219	-77.44867724838636	
202	Warehouse	Two-Seater Bikes	Plano	Texas	United States	33.0136764	-96.6925096	
343	Value Added Reseller	Mail-Order Outlet	Ellensburg	Washington	United States	46.9970635	-120.545122	
134	Value Added Reseller	Budget Bike Company	Millington	Tennessee	United States	35.3414745	-89.8973084	
27	Warehouse	Sports Sales and Rental	Millington	Tennessee	United States	35.3414745	-89.8973084	
290	Warehouse	Friendly Bike Shop	Bellingham	Washington	United States	48.7544012	-122.478836	
135	Specialty Bike Shop	Wonderful Bikes Inc.	Memphis	Tennessee	United States	35.1460249	-90.0517638	
471	Specialty Bike Shop	Social Activities Club	San Antonio	Texas	United States	29.4246002	-98.4951405	
292	Specialty Bike Shop	Grease and Oil Products Company	Houston	Texas	United States	29.7589382	-95.3676974	
45	Warehouse	Every Bike Shop	La Vergne	Tennessee	United States	36.0156178	-86.5819394	
4	Value Added Reseller	Modular Cycle Systems	Austin	Texas	United States	30.2711286	-97.7436995	
201	Specialty Bike Shop	Unsurpassed Bikes	Dallas	Texas	United States	32.7762719	-96.7968559	
697	Value Added Reseller	Brakes and Gears	Tooele	Utah	United States	40.4062872	-113.1966394	
184	Warehouse	Go-cart and Bike Specialists	Carrollton	Texas	United States	32.9537349	-96.8902816	
696	Warehouse	Roadway Supplies	Riverton	Utah	United States	40.5179761	-111.9393701	
404	Specialty Bike Shop	Activity Center	Crossville	Tennessee	United States	35.949684	-85.0274835	
19	Value Added Reseller	Center Cycle Shop	Bothell	Washington	United States	47.7623204	-122.2054035	
75	Warehouse	Paint Supply	Garland	Texas	United States	32.912624	-96.6388833	
436	Value Added Reseller	Sheet Metal Manufacturing	College Station	Texas	United States	30.6183939	-96.3455991	
293	Warehouse	Fashionable Bikes and Accessories	Park City	Utah	United States	40.6460921	-111.4979963	
507	Specialty Bike Shop	Global Sporting Goods	Stafford	Texas	United States	29.6160671	-95.5577221	
333	Warehouse	Resident Cycle Shop	Hixson	Tennessee	United States	35.1406267	-85.2327349	
291	Value Added Reseller	Grand Bicycle Stores	Baytown	Texas	United States	29.7355047	-94.9774274	
601	Specialty Bike Shop	Transport Bikes	Sandy	Utah	United States	40.5710454	-111.8953815	
580	Specialty Bike Shop	Rural Sales and Service	San Antonio	Texas	United States	29.4246002	-98.4951405	
309	Value Added Reseller	The Gear Store	Houston	Texas	United States	29.7589382	-95.3676974	
567	Value Added Reseller	Global Plaza	Pigeon Forge	Tennessee	United States	35.7884241	-83.5543329	
94	Value Added Reseller	Specialty Sports Store	Fort Worth	Texas	United States	32.753177	-97.3327459	
93	Warehouse	Stationary Bikes and Stands	Round Rock	Texas	United States	30.5085915	-97.6788056	
166	Warehouse	Fitness Toy Store	Garland	Texas	United States	32.912624	-96.6388833	
453	Specialty Bike Shop	Unique Bikes	Milwaukee	Wisconsin	United States	43.0386475	-87.9090751	
416	Specialty Bike Shop	Impromptu Trips	Union Gap	Washington	United States	46.5573492	-120.475063	
253	Specialty Bike Shop	Roving Sports	Puyallup	Washington	United States	47.1849009	-122.29214	
37	Value Added Reseller	Two Bike Shops	Puyallup	Washington	United States	47.1849009	-122.29214	
307	Specialty Bike Shop	Riding Associates	Puyallup	Washington	United States	47.1849009	-122.29214	
285	Value Added Reseller	Nearest Bike Store	North Ryde	New South Wales	Australia	-33.7975472	151.127306	
159	Specialty Bike Shop	Uncompromising Quality Co	North Ryde	New South Wales	Australia	-33.7975472	151.127306	
123	Specialty Bike Shop	First Supplies	North Ryde	New South Wales	Australia	-33.7975472	151.127306	
362	Specialty Bike Shop	Grand Cycle Store	Spokane	Washington	United States	47.6571934	-117.42351	
415	Value Added Reseller	Imaginary Toys	Spokane	Washington	United States	47.6571934	-117.42351	
605	Warehouse	Outstanding Cycles	Spokane	Washington	United States	47.6571934	-117.42351	
560	Warehouse	Major Sport Suppliers	Rock Springs	Wyoming	United States	41.5860557	-109.2194544	
217	Warehouse	City Manufacturing	Shelton	Washington	United States	47.2150945	-123.100706	
688	Value Added Reseller	Bike Part Wholesalers	Sydney	New South Wales	Australia	-33.8698439	151.2082848	
236	Warehouse	Closeout Boutique	Seattle	Washington	United States	47.6038321	-122.330062	
470	Value Added Reseller	Wingtip Toys	Kennewick	Washington	United States	46.2087066	-119.119919	
73	Value Added Reseller	Outdoor Sports Supply	North Bend	Washington	United States	47.4957757	-121.784889	
543	Specialty Bike Shop	Friendly Neighborhood Bikes	Johnson Creek	Wisconsin	United States	43.0759165	-88.774837	
678	Warehouse	Vigorous Exercise Company	Toronto	Ontario	Canada	43.6534817	-79.3839347	
505	Warehouse	Honest Repair Service	Kelso	Washington	United States	46.1421249	-122.905299	
87	Warehouse	Rich Department Store	Lane Cove	New South Wales	Australia	-33.8232026	151.16971475129134	
128	Value Added Reseller	Demand Distributors	Wenatchee	Washington	United States	47.4234599	-120.310349	
433	Value Added Reseller	Thorough Parts and Repair Services	Lacey	Washington	United States	47.0263876	-122.8072257	
326	Warehouse	Year-Round Sports	Kent	Washington	United States	47.3826903	-122.2270272	
465	Specialty Bike Shop	Expert Cycle Store	St. Leonards	New South Wales	Australia	-33.8225666	151.1923402	
92	Specialty Bike Shop	Sports Commodities	Woodinville	Washington	United States	47.7545827	-122.1588902	
118	Warehouse	Rapid Bikes	Toronto	Ontario	Canada	43.6534817	-79.3839347	
235	Specialty Bike Shop	Certified Bicycle Supply	Lynnwood	Washington	United States	47.8278656	-122.3053932	
577	Specialty Bike Shop	Synthetic Materials Manufacturing	Tacoma	Washington	United States	47.2455013	-122.438329	
361	Value Added Reseller	Fitness Supplies	Sequim	Washington	United States	48.0849312	-123.1096706	
200	Value Added Reseller	Basic Bike Company	Port Orchard	Washington	United States	47.5315625	-122.6384056	
682	Value Added Reseller	Popular Bike Lines	Newcastle	New South Wales	Australia	-32.9192953	151.7795348	
447	Specialty Bike Shop	Cross-town Parts Shop	Springwood	New South Wales	Australia	-33.7017613	150.5655467	
501	Specialty Bike Shop	Jumbo Bikes	Malabar	New South Wales	Australia	-33.9629779	151.2480171	
555	Value Added Reseller	Twin Cycles	Darlinghurst	New South Wales	Australia	-33.8783381	151.219225	
272	Warehouse	Metro Cycle Shop	Tacoma	Washington	United States	47.2455013	-122.438329	
141	Specialty Bike Shop	Rental Gallery	Lavender Bay	New South Wales	Australia	-33.8432002	151.2074155	
218	Value Added Reseller	Sure & Reliable Sporting Goods	Longview	Washington	United States	46.1377048	-122.934462	
506	Value Added Reseller	Great Bikes	Casper	Wyoming	United States	42.8501191	-106.325138	
271	Specialty Bike Shop	Alternative Vehicles	Washougal	Washington	United States	45.5819594	-122.3479921	
109	Value Added Reseller	Travel Sports	Issaquah	Washington	United States	47.5348778	-122.043297	
559	Specialty Bike Shop	Some Discount Store	Cheyenne	Wyoming	United States	41.139981	-104.820246	
380	Specialty Bike Shop	First Department Stores	Cheyenne	Wyoming	United States	41.139981	-104.820246	
668	Specialty Bike Shop	Official Parts Shop	Kelso	Washington	United States	46.1421249	-122.905299	
418	Value Added Reseller	Good Bike Shop	Racine	Wisconsin	United States	42.7313756	-87.7834769	
429	Warehouse	Unusual Bicycle Company	Silverwater	New South Wales	Australia	-33.1029115	151.5600857	
542	Value Added Reseller	Finer Parts Shop	Kirkland	Washington	United States	47.6765382	-122.2070775	
606	Value Added Reseller	Little Bicycle Supply Shop	Mosinee	Wisconsin	United States	44.7927669	-89.7030748	
339	Warehouse	Major Bicycle Store	Matraville	New South Wales	Australia	-33.9639325	151.2334198	
669	Warehouse	Racing Bike Outlet	Federal Way	Washington	United States	47.313494	-122.33931	
195	Specialty Bike Shop	Inexpensive Parts Shop	North Sydney	New South Wales	Australia	-33.8354519	151.2083011	
1	Value Added Reseller	A Bike Store	Seattle	Washington	United States	47.6038321	-122.330062	
483	Specialty Bike Shop	Fitness Bike Accessories	Rhodes	New South Wales	Australia	-33.8290589	151.0873578	
2	Specialty Bike Shop	Progressive Sports	Renton	Washington	United States	47.4799078	-122.2034496	
573	Value Added Reseller	Nationwide Supply	Rhodes	New South Wales	Australia	-33.8290589	151.0873578	
393	Warehouse	Gears and Parts Company	Milsons Point	New South Wales	Australia	-33.8471255	151.2115234	
411	Warehouse	Kids and Adults Cycle Shop	North Sydney	New South Wales	Australia	-33.8354519	151.2083011	
289	Specialty Bike Shop	Moderately-Priced Bikes Store	Renton	Washington	United States	47.4799078	-122.2034496	
51	Warehouse	Ideal Components	Cloverdale	South Australia	Australia			
298	Specialty Bike Shop	City Cycling	Winnipeg	Manitoba	Canada	49.8955367	-97.1384584	
353	Specialty Bike Shop	Two-Wheeled Transit Company	Winnipeg	Manitoba	Canada	49.8955367	-97.1384584	
532	Warehouse	The Showroom	Kanata	Ontario	Canada	45.3659205	-75.96546744017752	
653	Warehouse	Mercantile Outlet	Toronto	Ontario	Canada	43.6534817	-79.3839347	
630	Value Added Reseller	Eastside Parts Shop	Toronto	Ontario	Canada	43.6534817	-79.3839347	
631	Specialty Bike Shop	Tandem Sales and Service	Toronto	Ontario	Canada	43.6534817	-79.3839347	
637	Specialty Bike Shop	Reliable Retail Center	Toronto	Ontario	Canada	43.6534817	-79.3839347	
569	Warehouse	Designated Distributors	Nepean	Ontario	Canada	45.3112854	-75.78874258092458	
209	Value Added Reseller	Purple Bicycle Company	Scarborough	Ontario	Canada	43.7729744	-79.2576479	
335	Specialty Bike Shop	Scratch-Resistant Finishes Company	Mississauga	Ontario	Canada	43.5896231	-79.6443879	
316	Specialty Bike Shop	Low Price Cycles	Mississauga	Ontario	Canada	43.5896231	-79.6443879	
534	Specialty Bike Shop	Recommended Bicycles	Mississauga	Ontario	Canada	43.5896231	-79.6443879	
461	Value Added Reseller	Active Life Toys	Mississauga	Ontario	Canada	43.5896231	-79.6443879	
516	Specialty Bike Shop	Seats and Saddles Company	Kingston	Ontario	Canada	44.3054151	-76.4283781	
424	Value Added Reseller	Bikes for Two	Richmond Hill	Ontario	Canada	43.8801166	-79.4392925	
371	Specialty Bike Shop	Custom Sales and Service	Surrey	British Columbia	Canada	49.1913033	-122.849143	
515	Value Added Reseller	Rural Bicycle Supply	North York	Ontario	Canada	43.7543311	-79.449109096412	
173	Value Added Reseller	Sundry Sporting Goods	Vancouver	British Columbia	Canada	49.2608724	-123.113952	
154	Warehouse	Camping and Sports Store	Vancouver	British Columbia	Canada	49.2608724	-123.113952	
138	Specialty Bike Shop	South Bike Company	Vancouver	British Columbia	Canada	49.2608724	-123.113952	
82	Value Added Reseller	Refined Department Stores	Vancouver	British Columbia	Canada	49.2608724	-123.113952	
249	Value Added Reseller	Helpful Sales and Repair Service	Seaford	Victoria	Australia	-38.1040134	145.1282259	
640	Specialty Bike Shop	Liquidation Sales	Perth	South Australia	Australia	-34.83803149805861	138.67375398434456	
280	Specialty Bike Shop	Standard Bikes	Barrie	Ontario	Canada	44.3893208	-79.6901302	
372	Warehouse	Top Bike Market	Kingston	Ontario	Canada	44.3054151	-76.4283781	
177	Specialty Bike Shop	Plastic Products Manufacturers	Hawthorne	Queensland	Australia	-27.4623063	153.0598051	
299	Warehouse	Citywide Service and Repair	Saint John	Brunswick	Canada	45.2787992	-66.0585188	
591	Value Added Reseller	Fitness Discount Store	Melbourne	Victoria	Australia	-37.8142454	144.9631732	
84	Warehouse	Rewarding Activities Company	Etobicoke	Ontario	Canada	43.6435559	-79.5656326	
228	Value Added Reseller	Home Town Bike Store	Ottawa	Ontario	Canada	45.4208777	-75.6901106	
83	Specialty Bike Shop	Requisite Part Supply	Ottawa	Ontario	Canada	45.4208777	-75.6901106	
526	Warehouse	Finer Sales and Service	Ottawa	Ontario	Canada	45.4208777	-75.6901106	
677	Specialty Bike Shop	Tire Exchange	Ottawa	Ontario	Canada	45.4208777	-75.6901106	
357	Warehouse	Quality Bike Sales	Findon	South Australia	Australia	-34.899463	138.5314438	
426	Warehouse	Custom Accessories Company	Brampton	Ontario	Canada	43.685832	-79.7599366	
389	Specialty Bike Shop	Sixth Bike Store	Surrey	British Columbia	Canada	49.1913033	-122.849143	
174	Specialty Bike Shop	Toy Manufacturing Inc	Surrey	British Columbia	Canada	49.1913033	-122.849143	
318	Value Added Reseller	First-Rate Outlet	Victoria	British Columbia	Canada	48.4283182	-123.364953	
587	Warehouse	Our Sporting Goods Store	Ottawa	Ontario	Canada	45.4208777	-75.6901106	
190	Warehouse	Racing Partners	Calgary	Alberta	Canada	51.0456064	-114.057541	
262	Specialty Bike Shop	General Industries	Calgary	Alberta	Canada	51.0456064	-114.057541	
46	Value Added Reseller	Gear-Shift Bikes Limited	Calgary	Alberta	Canada	51.0456064	-114.057541	
136	Warehouse	Wholesale Parts	Calgary	Alberta	Canada	51.0456064	-114.057541	
137	Value Added Reseller	Transportation Options	Calgary	Alberta	Canada	51.0456064	-114.057541	
100	Value Added Reseller	Up-To-Date Sports	Markham	Ontario	Canada	43.8563707	-79.3376825	
29	Specialty Bike Shop	Cross-Country Riding Supplies	Chalk Riber	Ontario	Canada			
425	Specialty Bike Shop	Bikes for Kids and Adults	Etobicoke	Ontario	Canada	43.6435559	-79.5656326	
664	Value Added Reseller	Eastside Cycle Shop	Melbourne	Victoria	Australia	-37.8142454	144.9631732	
519	Specialty Bike Shop	List Price Catalog Company	Melbourne	Victoria	Australia	-37.8142454	144.9631732	
375	Warehouse	Region Bike Company	East Brisbane	Queensland	Australia	-27.483124	153.04643123006645	
213	Specialty Bike Shop	Fast Bike Works	South Melbourne	Victoria	Australia	-37.83344	144.9570533	
10	Value Added Reseller	Rural Cycle Emporium	Burnaby	British Columbia	Canada	49.2433804	-122.972545	
172	Warehouse	Certified Sports Supply	Richmond	British Columbia	Canada	49.163168	-123.137414	
408	Warehouse	Odometers and Accessories Company	Richmond	British Columbia	Canada	49.163168	-123.137414	
352	Value Added Reseller	Twelfth Bike Store	Edmonton	Alberta	Canada	53.5462055	-113.491241	
496	Warehouse	Top Sports Supply	Edmonton	Alberta	Canada	53.5462055	-113.491241	
443	Value Added Reseller	Courteous Bicycle Specialists	Richmond Hill	Ontario	Canada	43.8801166	-79.4392925	
497	Value Added Reseller	Valley Toy Store	Richmond	British Columbia	Canada	49.163168	-123.137414	
266	Warehouse	Excellent Bikes	Grevenbroich	Bayern	Germany			
68	Specialty Bike Shop	North Bike Company	Muehlheim	Hamburg	Germany			
500	Value Added Reseller	Irregulars Outlet	Dresden	Hessen	Germany	50.44090585	9.242416213540332	
227	Warehouse	Health Spa, Limited	Toronto	Ontario	Canada	43.6534817	-79.3839347	
264	Value Added Reseller	Fasteners & Bolts Outlet	Toronto	Ontario	Canada	43.6534817	-79.3839347	
442	Warehouse	Original Bicycle Supply Company	Toronto	Ontario	Canada	43.6534817	-79.3839347	
568	Specialty Bike Shop	Economy Center	Toronto	Ontario	Canada	43.6534817	-79.3839347	
551	Warehouse	Vinyl and Plastic Goods Corporation	Toronto	Ontario	Canada	43.6534817	-79.3839347	
552	Value Added Reseller	Consolidated Messenger	Toronto	Ontario	Canada	43.6534817	-79.3839347	
28	Value Added Reseller	Commuter Bicycle Store	Toronto	Ontario	Canada	43.6534817	-79.3839347	
208	Warehouse	Professional Cyclists	Toronto	Ontario	Canada	43.6534817	-79.3839347	
191	Value Added Reseller	Non-Slip Pedal Company	Toronto	Ontario	Canada	43.6534817	-79.3839347	
192	Specialty Bike Shop	Nuts and Bolts Mfg.	Toronto	Ontario	Canada	43.6534817	-79.3839347	
155	Value Added Reseller	Corner Bicycle Supply	Toronto	Ontario	Canada	43.6534817	-79.3839347	
679	Value Added Reseller	Superb Sales and Repair	Montreal	Quebec	Canada	45.5031824	-73.5698065	
554	Warehouse	Top of the Line Bikes	Paderborn	Hamburg	Germany			
374	Specialty Bike Shop	Major Equipment Co	Salzgitter	Hessen	Germany	51.24436083175465	9.448564918241477	
390	Warehouse	Plastic Parts Company	Waterloo	Ontario	Canada	43.4652699	-80.5222961	
334	Value Added Reseller	Retreat Inn	Waterloo	Ontario	Canada	43.4652699	-80.5222961	
590	Warehouse	Lustrous Paints and Components	Poing	Saarland	Germany			
127	Warehouse	Front Sporting Goods	Redmond	Washington	United States	47.6694141	-122.1238767	
145	Warehouse	Raw Materials Inc	Redmond	Washington	United States	47.6694141	-122.1238767	
406	Value Added Reseller	The Commissary	Outremont	Quebec	Canada	45.5186167	-73.6068856	
583	Specialty Bike Shop	Professional Containers and Packaging Co.	Surprise	Arizona	United States	33.629247	-112.3681428	
149	Value Added Reseller	Initial Bike Company	Westminster	Colorado	United States	39.8366528	-105.0372046	
158	Value Added Reseller	Rural Sporting Goods	Bonn	Nordrhein-Westfalen	Germany	50.7352621	7.1024635	
119	Value Added Reseller	Red Bicycle Company	Pnot-Rouge	Quebec	Canada			
182	Value Added Reseller	Another Bicycle Company	Milwaukie	Oregon	United States	45.4440051	-122.6412523	
475	Warehouse	Real Sporting Goods	Phoenix	Arizona	United States	33.4484367	-112.074141	
230	Warehouse	Global Bike Retailers	Bad Soden	Hessen	Germany	50.1517006	8.4899671	
572	Warehouse	Versatile Sporting Goods Company	Braunschweig	Nordrhein-Westfalen	Germany	51.4273099	7.3266304	
30	Warehouse	Cycle Merchants	Quebec	Quebec	Canada	46.8137431	-71.2084061	
282	Value Added Reseller	Quick Parts and Service	Sainte-Foy	Quebec	Canada	46.7743268	-71.2994438	
639	Value Added Reseller	Producer Goods Clearinghouse	Frankfurt	Bayern	Germany	49.6806061	10.5267235	
655	Value Added Reseller	Operational Manufacturing	Dorval	Quebec	Canada	45.4453082	-73.7510888	
86	Specialty Bike Shop	Bicycle Exporters	Essen	Hamburg	Germany	53.57196305	10.044094115175891	
533	Value Added Reseller	Tenth Bike Store	Sillery	Quebec	Canada	46.7820575	-71.25273	
536	Value Added Reseller	Next Door Cycles	Berlin	Saarland	Germany	49.2397779	6.9707674	
687	Warehouse	Functional Store South	München	Nordrhein-Westfalen	Germany	51.1802965	6.801767333233014	
392	Specialty Bike Shop	Primary Cycle Shop	Hamburg	Hamburg	Germany	53.5909051	9.975375829413123	
482	Value Added Reseller	Fabrikam Inc., East	Eilenburg	Brandenburg	Germany			
479	Value Added Reseller	General Supplies	Ville De'anjou	Quebec	Canada			
176	Value Added Reseller	Rodeway Bike Store	Münster	Saarland	Germany	49.468055563499874	7.167579304086054	
464	Value Added Reseller	Educational Services	Saarbrücken	Saarland	Germany	49.234362	6.996379	
284	Warehouse	Nearby Bike Mall	Berlin	Nordrhein-Westfalen	Germany	52.0267233	8.5345821	
428	Specialty Bike Shop	West Wind Distributors	Hannover	Nordrhein-Westfalen	Germany	51.503774899999996	7.1708102905776006	
212	Value Added Reseller	Enterprise Center	München	Hessen	Germany	51.2887665	9.48737585	
122	Value Added Reseller	Off-Price Bike Center	Berlin	Hessen	Germany	50.1439628	8.0742734	
460	Warehouse	Price-Cutter Discount Bikes	Brossard	Quebec	Canada	45.4554579	-73.4678695	
613	Specialty Bike Shop	Famous Bike Shop	Vancouver	Ontario	Canada	50.152209400000004	-87.83464335771438	
194	Value Added Reseller	Mechanical Brake Manufacturers	München	Hamburg	Germany			
410	Specialty Bike Shop	Pedaling Components	Kiel	Saarland	Germany			
226	Specialty Bike Shop	Leisure Activities	Hull	Quebec	Canada	45.4405842	-75.7326823	
633	Value Added Reseller	Rustic Bike Store	Augsburg	Bayern	Germany	48.3690341	10.8979522	
356	Specialty Bike Shop	Speedometer Sales	Hamburg	Hessen	Germany	50.4411156	9.2424309817745	
65	Specialty Bike Shop	Metro Manufacturing	Weston	Ontario	Canada	43.7000465	-79.5127589	
663	Warehouse	Capital Riding Supplies	Augsburg	Hamburg	Germany			
302	Warehouse	Best Cycle Store	Offenbach	Saarland	Germany			
320	Warehouse	Amalgamated Parts Shop	Frankfurt am Main	Hamburg	Germany			
104	Specialty Bike Shop	Very Best Sports Supply	Duesseldorf	Hessen	Germany	51.612891450000006	9.588383647181079	
140	Value Added Reseller	Teen Discount Store	Bonn	Hamburg	Germany	53.5570522	10.0496713	
446	Value Added Reseller	Fitness Toys	Berlin	Hamburg	Germany	53.5534401	10.0260449	
338	Specialty Bike Shop	Rambling Tours	Stuttgart	Saarland	Germany			
340	Value Added Reseller	Nearby Cycle Shop	West Sussex	England	United Kingdom	50.94458445	-0.5278477012862655	
484	Warehouse	Downhill Bicycle Specialists	Berks	England	United Kingdom	51.453488899999996	-1.0318729593399247	
412	Value Added Reseller	Leisure Clearing House	Birmingham	England	United Kingdom	52.4796992	-1.9026911	
85	Value Added Reseller	Roadway Bicycle Supply	Courbevoie	Hauts de Seine	France	48.8953328	2.2561602	
13	Value Added Reseller	Country Parts Shop	Les Ulis	Essonne	France	48.681708	2.1701573	
686	Specialty Bike Shop	Finished Parts Shop	Suresnes	Hauts de Seine	France	48.8709053	2.2255727	
322	Specialty Bike Shop	Tachometers and Accessories	Milton Keynes	England	United Kingdom	52.0406502	-0.7594092	
196	Warehouse	Exhibition Showroom	Milton Keynes	England	United Kingdom	52.0406502	-0.7594092	
88	Value Added Reseller	Closest Bicycle Store	Milton Keynes	England	United Kingdom	52.0406502	-0.7594092	
409	Value Added Reseller	Outdoor Toy Store	Aujan Mournede	Gers	France	43.3825	0.5033333	
124	Warehouse	Nearby Sporting Goods	W. York	England	United Kingdom	53.9590555	-1.0815361	
178	Warehouse	Rampart Amusement Company	W. York	England	United Kingdom	53.9590555	-1.0815361	
319	Specialty Bike Shop	Cycles Sales and Repair	Bobigny	Seine Saint Denis	France	48.906387	2.4452231	
550	Specialty Bike Shop	Remote Bicycle Specialists	Quebec	Quebec	Canada	46.8137431	-71.2084061	
379	Value Added Reseller	Fad Outlet	Portland	Oregon	United States	45.5202471	-122.674194	
456	Specialty Bike Shop	Riding Excursions	Irvine	California	United States	33.6856969	-117.825981	
283	Specialty Bike Shop	Racing Supply Distributors	Roissy en Brie	Seine et Marne	France	48.7903787	2.6545195	
535	Warehouse	Spa and Exercise Outfitters	Cergy	Val d'Oise	France	49.0527528	2.0388736	
480	Specialty Bike Shop	General Bike Corporation	Mississauga	Ontario	Canada	43.5896231	-79.6443879	
34	Value Added Reseller	Cycles Wholesaler & Mfg.	Warrington	England	United Kingdom	53.4018582	-2.5680223597163048	
268	Specialty Bike Shop	Channel Outlet	High Wycombe	England	United Kingdom	51.6317449	-0.75596	
617	Warehouse	Tubeless Tire Company	Oxford	England	United Kingdom	51.7520131	-1.2578499	
680	Specialty Bike Shop	Racing Tours	Sèvres	Hauts de Seine	France	48.8247407	2.2127083	
175	Warehouse	Registered Cycle Store	Orleans	Loiret	France	47.9027336	1.9086066	
247	Specialty Bike Shop	Major Amusement Company	Orly	Val de Marne	France	48.7431683	2.402391	
67	Value Added Reseller	Self-Contained Cycle Parts Company	Verrieres Le Buisson	Essonne	France	48.7467819	2.2653844	
139	Warehouse	Steel Inc.	Colombes	Hauts de Seine	France	48.922788	2.2543577	
211	Warehouse	Sports Products Store	Lieusaint	Seine et Marne	France	48.6316608	2.5514783	
70	Value Added Reseller	Outdoor Aerobic Systems Company	London	England	United Kingdom	51.5074456	-0.1277653	
142	Warehouse	Riding Cycles	Liverpool	England	United Kingdom	53.4071991	-2.99168	
635	Warehouse	Sports Store	Cambridge	England	United Kingdom	52.2055314	0.1186637	
445	Warehouse	First Center	Pantin	Seine Saint Denis	France	48.8965023	2.4019804	
355	Value Added Reseller	Spare Parts Co.	Paris	Seine (Paris)	France	48.8252181	2.7054865	
481	Warehouse	Getaway Inn	Saint Ouen	Loir et Cher	France	47.8083034	1.0771718	
391	Value Added Reseller	Pretty Bikes and Toys	Paris	Seine (Paris)	France	48.8252181	2.7054865	
49	Value Added Reseller	Neighborhood Bicycle Storehouse	Roncq	Nord	France	50.7531232	3.1209016	
337	Value Added Reseller	Recreation Toy Store	Paris La Defense	Hauts de Seine	France	48.89567665	2.229658055848475	
286	Specialty Bike Shop	Number One Bike Co.	Reading	England	United Kingdom	51.4564242	-0.9700664	
662	Specialty Bike Shop	Finer Sporting Goods	Croix	Nord	France	50.6802124	3.1564365	
248	Warehouse	Good Bicycle Store	Sulzbach Taunus	Saarland	Germany			
632	Warehouse	Ultimate Bicycle Company	Morangis	Essonne	France	48.7022956	2.3367599	
121	Warehouse	Metro Sports Equipment	Saint Ouen	Loir et Cher	France	47.8083034	1.0771718	
160	Warehouse	Vigorous Sports Store	Oxon	England	United Kingdom	51.833333	-1.25	
571	Specialty Bike Shop	Community Department Stores	Boulogne-sur-Mer	Pas de Calais	France	50.73030355	1.6076544673445672	
681	Warehouse	Showcase for Cycles	Sulzbach Taunus	Saarland	Germany			
430	Value Added Reseller	Uttermost Bike Shop	Bracknell	England	United Kingdom	51.4143513	-0.7449925	
466	Warehouse	Central Bicycle Specialists	Maidenhead	England	United Kingdom	51.522743	-0.7197368	
32	Specialty Bike Shop	Precision Gears Inc.	Stuttgart	Saarland	Germany			
193	Warehouse	Perfect Toys	Colomiers	Garonne (Haute)	France	43.6121001	1.3282149	
214	Warehouse	Exclusive Bicycle Mart	Lancaster	England	United Kingdom	54.0484068	-2.7990345	
499	Warehouse	Racing Sales and Service	Orleans	Loiret	France	47.9027336	1.9086066	
538	Warehouse	Prosperous Tours	London	England	United Kingdom	51.5074456	-0.1277653	
574	Specialty Bike Shop	Area Sheet Metal Supply	London	England	United Kingdom	51.5074456	-0.1277653	
402	Warehouse	Pro Sporting Goods	Camarillo	California	United States	34.2176371	-119.0383541	
529	Warehouse	Big-Time Bike Store	Camarillo	California	United States	34.2176371	-119.0383541	
625	Specialty Bike Shop	Major Sporting Goods	Chandler	Arizona	United States	33.3062031	-111.841185	
358	Value Added Reseller	Mail Market	York	England	United Kingdom	53.96565785	-1.0743052444639218	
394	Value Added Reseller	Little Sports Center	York	England	United Kingdom	53.96565785	-1.0743052444639218	
373	Value Added Reseller	Township Inn	Les Ulis	Essonne	France	48.681708	2.1701573	
517	Warehouse	Racing Store	Les Ulis	Essonne	France	48.681708	2.1701573	
463	Warehouse	Brand New Bikes	Les Ulis	Essonne	France	48.681708	2.1701573	
14	Specialty Bike Shop	Bicycle Warehouse Inc.	Frankfurt am Main	Saarland	Germany	49.2322377	6.9867888	
620	Warehouse	Tires and Tubes	Cheyenne	Wyoming	United States	41.139981	-104.820246	
448	Warehouse	Action Bicycle Specialists	Woolston	England	United Kingdom	50.8949017	-1.3739192	
232	Specialty Bike Shop	Exceptional Cycle Services	Basingstoke Hants	England	United Kingdom			
16	Value Added Reseller	Bulk Discount Store	London	England	United Kingdom	51.5074456	-0.1277653	
659	Specialty Bike Shop	Shipping Specialists	London	England	United Kingdom	51.5074456	-0.1277653	
15	Warehouse	Budget Toy Store	Lavender Bay	New South Wales	Australia	-33.8432002	151.2074155	
33	Warehouse	Global Sports Outlet	Lavender Bay	New South Wales	Australia	-33.8432002	151.2074155	
255	Value Added Reseller	Swift Cycles	Houston	Texas	United States	29.7589382	-95.3676974	
597	Value Added Reseller	All Seasons Sports Supply	Houston	Texas	United States	29.7589382	-95.3676974	
549	Value Added Reseller	Daring Rides	Clearwater	Florida	United States	27.9658533	-82.8001026	
50	Specialty Bike Shop	Hometown Riding Supplies	Berlin	Brandenburg	Germany			
498	Specialty Bike Shop	Quick Delivery Service	Mississauga	Ontario	Canada	43.5896231	-79.6443879	
148	Warehouse	Lots of Bikes Storehouse	Carol Stream	Illinois	United States	41.9125286	-88.1347927	
165	Specialty Bike Shop	Third Bike Store	Dallas	Texas	United States	32.7762719	-96.7968559	
256	Specialty Bike Shop	Rental Bikes	Dallas	Texas	United States	32.7762719	-96.7968559	
130	Warehouse	Elite Bikes	Dallas	Texas	United States	32.7762719	-96.7968559	
518	Value Added Reseller	Regional Cycle Shop	Berlin	Hessen	Germany	50.1439628	8.0742734	
585	Value Added Reseller	Next-Door Bike Store	Memphis	Tennessee	United States	35.1460249	-90.0517638	
69	Warehouse	Online Bike Catalog	Lavender Bay	New South Wales	Australia	-33.8432002	151.2074155	
231	Value Added Reseller	Helmets and Cycles	Lavender Bay	New South Wales	Australia	-33.8432002	151.2074155	
20	Specialty Bike Shop	Central Discount Store	Kent	Washington	United States	47.3826903	-122.2270272	
112	Warehouse	Town Industries	Dallas	Texas	United States	32.7762719	-96.7968559	
350	Specialty Bike Shop	Mountain Emporium	Nashville	Tennessee	United States	36.1622767	-86.7742984	
695	Specialty Bike Shop	Responsible Bike Dealers	Kansas City	Missouri	United States	39.100105	-94.5781416	
96	Warehouse	More Bikes!	Santa Ana	California	United States	33.7494951	-117.873221	
260	Warehouse	Industrial Supplies	Miami	Florida	United States	25.7820042	-80.22256438834017	
365	Specialty Bike Shop	Distinctive Store	Barstow	California	United States	34.8986215	-117.0244313	
654	Value Added Reseller	Online Bike Warehouse	Aurora	Ontario	Canada	43.99973	-79.467545	
444	Specialty Bike Shop	Finer Cycle Shop	Calgary	Alberta	Canada	51.0456064	-114.057541	
354	Warehouse	Serious Cycles	Calgary	Alberta	Canada	51.0456064	-114.057541	
370	Value Added Reseller	Acceptable Sales & Service	Calgary	Alberta	Canada	51.0456064	-114.057541	
452	Value Added Reseller	A Cycle Shop	Albany	Oregon	United States	44.6365071	-123.1059324	0101000020E61000008E65B098C7C65EC0FE158D1079514640
105	Warehouse	Volume Bike Sellers	Alexandria	New South Wales	Australia	-33.9091568	151.1921281	0101000020E61000009044D4E925E66240CF7701405FF440C0
261	Value Added Reseller	Functional Store North	Altamonte Springs	Florida	United States	28.6619154	-81.3885899	0101000020E610000094032CA8DE5854C001B8A34973A93C40
647	Warehouse	Solid Bike Parts	Arlington	Texas	United States	32.7355816	-97.1071186	0101000020E6100000C6F2F807DB4658C00AC5B189275E4040
423	Warehouse	Bike Rims Company	Biloxi	Mississippi	United States	30.4007626	-88.8893818	
621	Value Added Reseller	Running and Cycling Gear	Bellingham	Washington	United States	48.7544012	-122.478836	
693	Warehouse	Stock Parts and Supplies	Hillsboro	Oregon	United States	45.5228939	-122.989827	
438	Specialty Bike Shop	Remarkable Bike Store	Las Vegas	Nevada	United States	36.1672559	-115.148516	
401	Specialty Bike Shop	Brightwork Company	Las Vegas	Nevada	United States	36.1672559	-115.148516	
648	Value Added Reseller	Small Bike Shop	El Segundo	California	United States	33.917028	-118.4156337	
229	Specialty Bike Shop	Instant Cycle Store	Colombes	Hauts de Seine	France	48.922788	2.2543577	
359	Specialty Bike Shop	Mechanical Sports Center	Cincinnati	Ohio	United States	39.1014537	-84.5124602	
657	Warehouse	Links Works	Ascheim	Hamburg	Germany			
106	Value Added Reseller	West Side Mart	Wokingham	England	United Kingdom	51.4570846	-0.8865370303212372	
387	Warehouse	Racing Association	Huntsville	Alabama	United States	34.729847	-86.5859011	
348	Warehouse	Bold Bike Accessories	Loveland	Colorado	United States	40.3977612	-105.07498	
381	Warehouse	Bicycle Lines Distributors	Saint Louis	Missouri	United States	38.6280278	-90.1910154	
220	Specialty Bike Shop	Best o' Bikes	Saint Louis	Missouri	United States	38.6280278	-90.1910154	
646	Specialty Bike Shop	Yellow Bicycle Company	Saint Louis	Missouri	United States	38.6280278	-90.1910154	
578	Warehouse	The Bike Shop	Puyallup	Washington	United States	47.1849009	-122.29214	
77	Specialty Bike Shop	Mechanical Products Ltd.	San Diego	California	United States	32.7174202	-117.162772	
645	Value Added Reseller	Superior Hardware Distributors	Beaverton	Oregon	United States	45.4871723	-122.80378	
634	Specialty Bike Shop	Sensible Sports	Rhodes	New South Wales	Australia	-33.8290589	151.0873578	
199	Warehouse	Authorized Bike Sales and Rental	Renton	Washington	United States	47.4799078	-122.2034496	
491	Value Added Reseller	Area Bike Accessories	Modesto	California	United States	37.6393419	-120.9968892	
210	Specialty Bike Shop	Gasless Cycle Shop	Toronto	Ontario	Canada	43.6534817	-79.3839347	
64	Value Added Reseller	Metal Clearing House	Toronto	Ontario	Canada	43.6534817	-79.3839347	
47	Specialty Bike Shop	Greater Bike Store	Toronto	Ontario	Canada	43.6534817	-79.3839347	
11	Specialty Bike Shop	Sharp Bikes	Toronto	Ontario	Canada	43.6534817	-79.3839347	
12	Warehouse	Bikes and Motorbikes	Toronto	Ontario	Canada	43.6534817	-79.3839347	
101	Specialty Bike Shop	Urban Sports Emporium	Toronto	Ontario	Canada	43.6534817	-79.3839347	
102	Warehouse	National Manufacturing	Toronto	Ontario	Canada	43.6534817	-79.3839347	
120	Specialty Bike Shop	Machines & Cycles Store	Montreal	Quebec	Canada	45.5031824	-73.5698065	
570	Value Added Reseller	Family's Favorite Bike Shop	Montreal	Quebec	Canada	45.5031824	-73.5698065	
407	Specialty Bike Shop	Workout Emporium	Montreal	Quebec	Canada	45.5031824	-73.5698065	
146	Value Added Reseller	Latest Sports Equipment	Seattle	Washington	United States	47.6038321	-122.330062	
397	Value Added Reseller	Capable Sales and Service	Seattle	Washington	United States	47.6038321	-122.330062	
360	Warehouse	Novelty Bikes	Saginaw	Michigan	United States	43.4200387	-83.9490365	
91	Value Added Reseller	Scooters and Bikes Store	Beaverton	Oregon	United States	45.4871723	-122.80378	
295	Specialty Bike Shop	Engineered Bike Systems	Oxnard	California	United States	34.1976308	-119.180381	
478	Warehouse	Major Cycling	Richmond	British Columbia	Canada	49.163168	-123.137414	
462	Specialty Bike Shop	General Riding Supplies	Richmond	British Columbia	Canada	49.163168	-123.137414	
514	Warehouse	Retail Mall	Richmond	British Columbia	Canada	49.163168	-123.137414	
689	Specialty Bike Shop	Consumer Equipment	London	England	United Kingdom	51.5074456	-0.1277653	
250	Specialty Bike Shop	Express Bike Services	London	England	United Kingdom	51.5074456	-0.1277653	
592	Specialty Bike Shop	Cycling Goods	London	England	United Kingdom	51.5074456	-0.1277653	
48	Warehouse	Grand Industries	Montreal	Quebec	Canada	45.5031824	-73.5698065	
246	Value Added Reseller	Large Bike Shop	Montreal	Quebec	Canada	45.5031824	-73.5698065	
281	Warehouse	Petroleum Products Distributors	Montreal	Quebec	Canada	45.5031824	-73.5698065	
168	Specialty Bike Shop	Economy Bikes Company	Bell Gardens	California	United States	33.9694561	-118.1503953	
317	Warehouse	Finer Riding Supplies	Burnaby	British Columbia	Canada	49.2433804	-122.972545	
263	Warehouse	Farthest Bike Store	Burnaby	British Columbia	Canada	49.2433804	-122.972545	
66	Warehouse	Neighborhood Store	Burnaby	British Columbia	Canada	49.2433804	-122.972545	
156	Specialty Bike Shop	Metal Processing Company	Montreal	Quebec	Canada	45.5031824	-73.5698065	
586	Specialty Bike Shop	One Bike Company	Montreal	Quebec	Canada	45.5031824	-73.5698065	
685	Value Added Reseller	Family Cycle Store	Montreal	Quebec	Canada	45.5031824	-73.5698065	
244	Specialty Bike Shop	Retail Discount Store	Montreal	Quebec	Canada	45.5031824	-73.5698065	
336	Warehouse	Primary Bike Distributors	Montreal	Quebec	Canada	45.5031824	-73.5698065	
74	Specialty Bike Shop	Parcel Express Delivery Service	Portland	Oregon	United States	45.5202471	-122.674194	
183	Specialty Bike Shop	This Area Sporting Goods	Chicago	Illinois	United States	41.8755616	-87.6244212	
237	Value Added Reseller	Client Discount Store	Chicago	Illinois	United States	41.8755616	-87.6244212	
219	Value Added Reseller	Extras Sporting Goods	Chicago	Illinois	United States	41.8755616	-87.6244212	
58	Value Added Reseller	Largest Bike Store	Chicago	Illinois	United States	41.8755616	-87.6244212	
188	Value Added Reseller	Variety Bike Outlet	Miami	Florida	United States	25.7820042	-80.22256438834017	
81	Warehouse	Rally Day Mall	Miami	Florida	United States	25.7820042	-80.22256438834017	
98	Specialty Bike Shop	Superlative Bikes	Miami	Florida	United States	25.7820042	-80.22256438834017	
277	Specialty Bike Shop	The Bicycle Accessories Company	Alhambra	California	United States	34.093042	-118.12706	0101000020E61000004E2844C021885DC0C493DDCCE80B4140
26	Specialty Bike Shop	Stylish Department Stores	Miami	Florida	United States	25.7820042	-80.22256438834017	
8	Specialty Bike Shop	Exemplary Cycles	Miami	Florida	United States	25.7820042	-80.22256438834017	
603	Value Added Reseller	Retail Toy Store	Miami	Florida	United States	25.7820042	-80.22256438834017	
600	Value Added Reseller	Strenuous Exercise Shop	Norwalk	California	United States	33.9092802	-118.0849169	
197	Value Added Reseller	Fabrikam Inc., West	Novi	Michigan	United States	42.48059	-83.4754913	
594	Value Added Reseller	Casual Bicycle Store	Nashua	New Hampshire	United States	42.7656251	-71.4677032	
301	Specialty Bike Shop	Rural Mountain Bike Mart	Paris	Seine (Paris)	France	48.8252181	2.7054865	
628	Specialty Bike Shop	Executive Discount Store	Miami	Florida	United States	25.7820042	-80.22256438834017	
376	Value Added Reseller	Commerce Bicycle Specialists	Berkshire	England	United Kingdom	51.453488899999996	-1.0318729593399247	
300	Value Added Reseller	Nice Bikes	Ottawa	Ontario	Canada	45.4208777	-75.6901106	
52	Value Added Reseller	Instruments and Parts Company	Gloucestershire	England	United Kingdom	51.7643786	-2.1880661838719386	
602	Warehouse	Ultimate Bike Shop	Maryville	Tennessee	United States	35.7564719	-83.9704593	
150	Specialty Bike Shop	Fleet Bikes	Stockton	California	United States	37.9577016	-121.290779	
588	Value Added Reseller	General Cycle Storehouse	Burnaby	British Columbia	Canada	49.2433804	-122.972545	
170	Value Added Reseller	Excellent Riding Supplies	Memphis	Tennessee	United States	35.1460249	-90.0517638	
279	Value Added Reseller	Reliable Brake Systems	Memphis	Tennessee	United States	35.1460249	-90.0517638	
537	Specialty Bike Shop	Preferable Bikes	Rhodes	New South Wales	Australia	-33.8290589	151.0873578	
641	Warehouse	Extended Tours	London	England	United Kingdom	51.5074456	-0.1277653	
520	Warehouse	Metro Metals Co.	London	England	United Kingdom	51.5074456	-0.1277653	
502	Warehouse	Metropolitan Bicycle Supply	London	England	United Kingdom	51.5074456	-0.1277653	
665	Specialty Bike Shop	Authentic Sales and Service	London	England	United Kingdom	51.5074456	-0.1277653	
556	Specialty Bike Shop	Variety Cycling	London	England	United Kingdom	51.5074456	-0.1277653	
683	Specialty Bike Shop	Oils and Fluids Warehouse	London	England	United Kingdom	51.5074456	-0.1277653	
382	Value Added Reseller	Beneficial Exercises and Activities	San Antonio	Texas	United States	29.4246002	-98.4951405	
417	Warehouse	Genuine Bike Shop	San Antonio	Texas	United States	29.4246002	-98.4951405	
328	Value Added Reseller	Totes & Baskets Company	San Antonio	Texas	United States	29.4246002	-98.4951405	
671	Specialty Bike Shop	Contoso, Ltd.	San Antonio	Texas	United States	29.4246002	-98.4951405	
7	Value Added Reseller	Associated Bikes	Salt Lake City	Utah	United States	40.7596198	-111.886797	
303	Value Added Reseller	Seaside Bike Works	North Sydney	New South Wales	Australia	-33.8354519	151.2083011	
151	Warehouse	Futuristic Bikes	Culver City	California	United States	34.0211224	-118.396466	
636	Value Added Reseller	Recreation Systems	Logansport	Indiana	United States	40.7542375	-86.3625191	
35	Specialty Bike Shop	Economic Parts Supply	West Kingston	Rhode Island	United States	41.4831567	-71.5514497	
388	Value Added Reseller	Road Way Sales and Rental	Vancouver	British Columbia	Canada	49.2608724	-123.113952	
672	Warehouse	Utilitarian Sporting Goods	Ogden	Utah	United States	41.2230048	-111.9738429	
627	Value Added Reseller	Exchange Parts Inc.	Raleigh	North Carolina	United States	35.7803977	-78.6390989	
584	Warehouse	Qualified Sales and Repair Services	Savannah	Georgia	United States	32.0790074	-81.0921335	
349	Value Added Reseller	Exercise Center	San Jose	California	United States	37.3361663	-121.890591	
421	Value Added Reseller	Fitness Cycling	Whittier	California	United States	33.9749136	-118.0338664	
308	Warehouse	Rugged Bikes	Everett	Washington	United States	47.9793437	-122.2127011	
596	Warehouse	Coho Sports	Everett	Washington	United States	47.9793437	-122.2127011	
245	Warehouse	Leather Seat Factory	Brossard	Quebec	Canada	45.4554579	-73.4678695	
129	Specialty Bike Shop	Discount Bicycle Specialists	Wood Dale	Illinois	United States	41.9633625	-87.9789562	
76	Value Added Reseller	Out-of-the-Way Hotels	Wood Dale	Illinois	United States	41.9633625	-87.9789562	
54	Warehouse	Larger Cycle Shop	Melville	New York	United States	40.7835914	-73.40755751619429	
103	Value Added Reseller	The Bike Outlet	Pantin	Seine Saint Denis	France	48.8965023	2.4019804	
78	Warehouse	Preferred Bikes	Ontario	California	United States	34.065846	-117.64843	
321	Value Added Reseller	Second Bike Shop	Matraville	New South Wales	Australia	-33.9639325	151.2334198	
616	Specialty Bike Shop	Eastward Bike Accessories	Matraville	New South Wales	Australia	-33.9639325	151.2334198	
656	Specialty Bike Shop	Impervious Paint Company	Paris	Seine (Paris)	France	48.8252181	2.7054865	
553	Specialty Bike Shop	Accessories Network	Paris	Seine (Paris)	France	48.8252181	2.7054865	
589	Specialty Bike Shop	Hiatus Bike Tours	Paris	Seine (Paris)	France	48.8252181	2.7054865	
427	Value Added Reseller	Atypical Bike Company	Paris	Seine (Paris)	France	48.8252181	2.7054865	
638	Warehouse	Metropolitan Equipment	Paris	Seine (Paris)	France	48.8252181	2.7054865	
31	Value Added Reseller	Wheels Inc.	Paris	Seine (Paris)	France	48.8252181	2.7054865	
265	Specialty Bike Shop	Full Sports Supply	Paris	Seine (Paris)	France	48.8252181	2.7054865	
614	Warehouse	Favorite Toy Distributor	Paris	Seine (Paris)	France	48.8252181	2.7054865	
157	Warehouse	Ace Bicycle Supply	Paris	Seine (Paris)	France	48.8252181	2.7054865	
440	Value Added Reseller	Hobby Store	Orlando	Florida	United States	28.5421109	-81.3790304	
530	Value Added Reseller	Valuable Bike Parts Company	Orlando	Florida	United States	28.5421109	-81.3790304	
9	Warehouse	Tandem Bicycle Store	Millington	Tennessee	United States	35.3414745	-89.8973084	
432	Warehouse	Super Sports Store	Indianapolis	Indiana	United States	39.7683331	-86.1583502	
342	Warehouse	Leather and Vinyl Manufacturing	Indianapolis	Indiana	United States	39.7683331	-86.1583502	
267	Value Added Reseller	Cycle Parts and Accessories	Melbourne	Victoria	Australia	-37.8142454	144.9631732	
615	Value Added Reseller	Fast Services	Leipzig	Nordrhein-Westfalen	Germany	51.43426799628165	6.955655725414818	
604	Specialty Bike Shop	Sellers of Cycles	Clackamas	Oregon	United States	45.1608821	-122.2305038	
181	Warehouse	Family Entertainment Center	Clackamas	Oregon	United States	45.1608821	-122.2305038	
304	Specialty Bike Shop	Essential Bike Works	Abingdon	England	United Kingdom	51.6714842	-1.2779715	0101000020E610000062855B3E9272F4BFEF63BB31F3D54940
595	Specialty Bike Shop	Cycle Clearance	Albany	Oregon	United States	44.6365071	-123.1059324	0101000020E61000008E65B098C7C65EC0FE158D1079514640
658	Value Added Reseller	Mass Market Bikes	Alexandria	New South Wales	Australia	-33.9091568	151.1921281	0101000020E61000009044D4E925E66240CF7701405FF440C0
455	Value Added Reseller	Timely Shipping Service	Alpine	California	United States	38.5893934	-119.8345013	0101000020E61000000CFE237868F55DC037BD303E714B4340
116	Value Added Reseller	Retirement Activities Association	Atlanta	Georgia	United States	33.7489924	-84.3902644	0101000020E6100000C2B28817FA1855C0ED79A3FBDEDF4040
609	Value Added Reseller	Good Toys	Auburn	California	United States	38.8945939	-121.0739897	0101000020E61000006A6F4B3FBC445EC0BDD98B0D82724340
